gene	total_mutations	matching_count	non_matching_accessions	percentage_match
ADA	62	21	A0001;A0002;A0003;A0004;A0006;A0008;A0009;A0010;A0012;A0015;A0016;A0019;A0024;A0027;A0035;A0037;A0038;A0039;A0040;A0041;A0042;A0043;A0047;A0048;A0049;A0052;A0057;A0058;A0060;A0061;A0063;A0064;A0065	33.87
AICDA	28	0	NO_FASTA	0.0
AIRE	36	0	NO_FASTA	0.0
AK2	10	0	NO_FASTA	0.0
AP3B1	6	6		100.0
BIRC4	9	0	NO_FASTA	0.0
BLM	51	0	NO_FASTA	0.0
BLNK	1	1		100.0
C1QA	4	4		100.0
C1QB	3	3		100.0
C1QC	4	0	NO_FASTA	0.0
C1S	5	5		100.0
C2	3	3		100.0
C3	8	8		100.0
C5	5	3	C0006;C0007	60.0
C6	5	5		100.0
C7	22	2	C0001;C0002;C0003;C0006;C0010;C0011;C0012;C0015;C0017;C0024;C0025;C0026;C0027;C0029;C0031;C0034	9.09
C8B	6	0	C0045;C0046;C0048;C0052	0.0
C9	5	5		100.0
CASP10	2	2		100.0
CASP8	1	1		100.0
CD19	2	0	NO_FASTA	0.0
CD247	1	0	NO_FASTA	0.0
CD3D	3	0	NO_FASTA	0.0
CD3E	1	0	NO_FASTA	0.0
CD3G	1	0	NO_FASTA	0.0
CD40	3	0	NO_FASTA	0.0
CD40L	117	112	C0047;C0048;C0052;C0057;C0193	95.73
CD55	4	4		100.0
CD59	1	1		100.0
CD79A	2	0	NO_FASTA	0.0
CD79B	1	0	NO_FASTA	0.0
CD8A	1	0	NO_FASTA	0.0
CEBPE	2	0	NO_FASTA	0.0
CFD	2	0	NO_FASTA	0.0
CFH	50	0	NO_FASTA	0.0
CFI	13	0	NO_FASTA	0.0
CFP	12	0	NO_FASTA	0.0
CIITA	6	0	NO_FASTA	0.0
CTSC	65	64	C0034	98.46
CXCR4	6	0	NO_FASTA	0.0
CYBA	45	7	H0001;H0009;H0011;H0014;H0016;H0017;H0019;H0021;H0023;H0027;H0028;H0030;H0031;H0040;H0042;H0043;H0045;H0047;H0054;H0066;H0067;H0069;H0072;H0074;H0086;H0088;H0090;H0094;H0095;H0097;H0099;H0100;H0103;H0105;H0107	15.56
CYBB	479	475	A0310;A0514;A0528;A0953	99.16
DKC1	6	6		100.0
ELA2	44	0	NO_FASTA	0.0
FASLG	1	0	NO_FASTA	0.0
FCGR1A	1	1		100.0
FCGR3A	1	1		100.0
FERMT3	7	0	NO_FASTA	0.0
FOXN1	1	0	NO_FASTA	0.0
FOXP3	28	0	NO_FASTA	0.0
G6PC3	12	0	NO_FASTA	0.0
GFI1	3	3		100.0
HAX1	10	0	NO_FASTA	0.0
ICOS	1	0	NO_FASTA	0.0
IFNGR1	24	0	NO_FASTA	0.0
IFNGR2	5	5		100.0
IGHG2	1	0	NO_FASTA	0.0
IGLL1	2	2		100.0
IKBKG	34	0	NO_FASTA	0.0
IL12B	1	0	NO_FASTA	0.0
IL12RB1	21	21		100.0
IL2RA	2	2		100.0
IL7R	6	4	I0005;I0010	66.67
IRAK4	9	1	I0001;I0004;I0009;I0015;I0023	11.11
ITGB2	10	0	NO_FASTA	0.0
JAK3	39	0	NO_FASTA	0.0
LIG1	2	2		100.0
LIG4	11	11		100.0
LYST	28	0	NO_FASTA	0.0
MAPBPIP	1	0	NO_FASTA	0.0
MASP2	1	1		100.0
MLPH	1	1		100.0
MPO	12	0	NO_FASTA	0.0
MRE11A	7	7		100.0
MYO5A	2	2		100.0
NCF1	11	11		100.0
NCF2	57	0	NO_FASTA	0.0
NFKBIA	2	2		100.0
NHEJ1	5	0	NO_FASTA	0.0
NP	19	4	N0001;N0002;N0004;N0005;N0006;N0007;N0009;N0010;N0012;N0013;N0014;N0016	21.05
NRAS	1	0	NO_FASTA	0.0
ORAI1	3	0	NO_FASTA	0.0
PRF1	71	71		100.0
PRKDC	1	0	NO_FASTA	0.0
PTPRC	4	4		100.0
RAB27A	19	0	NO_FASTA	0.0
RAC2	1	1		100.0
RAD50	2	0	NO_FASTA	0.0
RAG1	60	58	R0057;R0086	96.67
RAG2	22	22		100.0
RASGRP2	1	0	NO_FASTA	0.0
RFX5	6	6		100.0
RFXANK	9	9		100.0
RFXAP	2	0	NO_FASTA	0.0
RNF168	1	0	NO_FASTA	0.0
SBDS	32	31	S0145	96.88
SERPING1	122	0	NO_FASTA	0.0
SLC35C1	5	5		100.0
SMARCAL1	33	33		100.0
SP110	2	0	NO_FASTA	0.0
SPINK5	44	43	S0071	97.73
STAT1	6	6		100.0
STAT2	1	0	NO_FASTA	0.0
STAT3	31	0	NO_FASTA	0.0
STAT5B	2	2		100.0
STIM1	1	0	NO_FASTA	0.0
STX11	3	3		100.0
STXBP2	10	0	NO_FASTA	0.0
TAP1	4	0	NO_FASTA	0.0
TAP2	3	0	NO_FASTA	0.0
TAZ	41	13	T0001;T0011;T0012;T0013;T0014;T0015;T0016;T0017;T0019;T0020;T0022;T0025;T0030;T0034;T0037;T0048;T0049;T0050;T0056;T0064;T0073;T0074;T0076;T0080;T0082;T0084;T0085;T0086	31.71
TCN2	11	0	NO_FASTA	0.0
TLR3	2	0	NO_FASTA	0.0
TMC6	6	0	NO_FASTA	0.0
TMC8	6	0	NO_FASTA	0.0
TNFRSF13B	8	8		100.0
TYK2	1	0	NO_FASTA	0.0
UNC13D	50	12	U0001;U0003;U0008;U0011;U0012;U0017;U0020;U0021;U0022;U0026;U0027;U0028;U0029;U0030;U0031;U0032;U0033;U0037;U0039;U0040;U0041;U0043;U0044;U0046;U0049;U0050;U0051;U0053;U0055;U0056;U0057;U0060;U0061;U0062;U0070	24.0
UNC93B1	2	0	NO_FASTA	0.0
UNG	5	5		100.0
ZAP70	9	0	Z0004;Z0005;Z0006;Z0007;Z0012;Z0016;Z0017	0.0
