file	gene	hg_source	chrom	pos	name	reason
ADA_hg38_18.BED	ADA	hg18	chr4	159107701	A0022	accession-only
ADA_hg38_18.BED	ADA	hg18	chr4	159107701	A0022	accession-only
ADA_hg38_18.BED	ADA	hg18	chr4	159107701	A0023	accession-only
ADA_hg38_18.BED	ADA	hg18	chr4	159107701	A0023	accession-only
CD40L_hg38_18.BED	CD40L	hg18	chrX	136648321	C0219_g.1127_1128ins_c.72_73ins291_r.72_73ins_p.Met25fsX60	unparseable — review manually
CD40L_hg38_18.BED	CD40L	hg18	chrX	136659039	C0200	accession-only
CD40L_hg38_18.BED	CD40L	hg18	chrX	136659039	C0201	accession-only
CD40L_hg38_18.BED	CD40L	hg18	chrX	136659039	C0202	accession-only
CD40L_hg38_18.BED	CD40L	hg18	chrX	136648058	C0218	accession-only
CD40L_hg38_18.BED	CD40L	hg18	chrX	136654431	C0166_g.IVS31G>_c.3461G>_r.3461g>_	truncated (missing ALT)
CD40L_hg38_18.BED	CD40L	hg18	chrX	136659038	C0123_g.IVS4-1G>	truncated (missing ALT)
CYBA_hg38_18.BED	CYBA	hg18	chr18	23612425	H0038	accession-only
CYBA_hg38_18.BED	CYBA	hg18	chr18	23612425	H0038	accession-only
CYBB_hg38_18.BED	CYBB	hg18	chr11	73733084	A1415_g.16991_16992ins_c.591_592ins41_r.591_592ins41_p.Arg198fsX30	unparseable — review manually
LRRC8A_hg38_18.BED	LRRC8A	hg18	chr22	50293047	L0001	accession-only
RFXANK_hg38_18.BED	RFXANK	hg18	chr13	60814654	R0004_Allele_1_and_2_g.IVS5-25GGTATTGCCCGCCTCCTCCTGCCAGG>	truncated (missing ALT)
RFXANK_hg38_18.BED	RFXANK	hg18	chr13	60814654	R0004_Allele_1_and_2_g.IVS5-25GGTATTGCCCGCCTCCTCCTGCCAGG>	truncated (missing ALT)
RFXANK_hg38_18.BED	RFXANK	hg18	chr13	60814654	R0005_Allele_1_and_2_g.IVS5-25GGTATTGCCCGCCTCCTCCTGCCAGG>	truncated (missing ALT)
RFXANK_hg38_18.BED	RFXANK	hg18	chr13	60814654	R0005_Allele_1_and_2_g.IVS5-25GGTATTGCCCGCCTCCTCCTGCCAGG>	truncated (missing ALT)
RFXANK_hg38_18.BED	RFXANK	hg18	chr13	60814654	R0006_Allele_1_and_2_g.IVS5-25GGTATTGCCCGCCTCCTCCTGCCAGG>	truncated (missing ALT)
RFXANK_hg38_18.BED	RFXANK	hg18	chr13	60814654	R0006_Allele_1_and_2_g.IVS5-25GGTATTGCCCGCCTCCTCCTGCCAGG>	truncated (missing ALT)
RFXANK_hg38_18.BED	RFXANK	hg18	chr13	60814654	R0007_Allele_1_and_2_g.IVS5-25GGTATTGCCCGCCTCCTCCTGCCAGG>	truncated (missing ALT)
RFXANK_hg38_18.BED	RFXANK	hg18	chr13	60814654	R0007_Allele_1_and_2_g.IVS5-25GGTATTGCCCGCCTCCTCCTGCCAGG>	truncated (missing ALT)
RFXANK_hg38_18.BED	RFXANK	hg18	chr13	60814654	R0008_Allele_1_and_2_g.IVS5-25GGTATTGCCCGCCTCCTCCTGCCAGG>	truncated (missing ALT)
RFXANK_hg38_18.BED	RFXANK	hg18	chr13	60814654	R0008_Allele_1_and_2_g.IVS5-25GGTATTGCCCGCCTCCTCCTGCCAGG>	truncated (missing ALT)
RFXANK_hg38_18.BED	RFXANK	hg18	chr13	60814654	R0009_Allele_1_and_2_g.IVS5-25GGTATTGCCCGCCTCCTCCTGCCAGG>	truncated (missing ALT)
RFXANK_hg38_18.BED	RFXANK	hg18	chr13	60814654	R0009_Allele_1_and_2_g.IVS5-25GGTATTGCCCGCCTCCTCCTGCCAGG>	truncated (missing ALT)
RFXANK_hg38_18.BED	RFXANK	hg18	chr13	60814654	R0010_Allele_1_and_2_g.IVS5-25GGTATTGCCCGCCTCCTCCTGCCAGG>	truncated (missing ALT)
RFXANK_hg38_18.BED	RFXANK	hg18	chr13	60814654	R0010_Allele_1_and_2_g.IVS5-25GGTATTGCCCGCCTCCTCCTGCCAGG>	truncated (missing ALT)
RFXANK_hg38_18.BED	RFXANK	hg18	chr13	60814654	R0011_Allele_1_and_2_g.IVS5-25GGTATTGCCCGCCTCCTCCTGCCAGG>	truncated (missing ALT)
RFXANK_hg38_18.BED	RFXANK	hg18	chr13	60814654	R0011_Allele_1_and_2_g.IVS5-25GGTATTGCCCGCCTCCTCCTGCCAGG>	truncated (missing ALT)
RFXANK_hg38_18.BED	RFXANK	hg18	chr13	60814654	R0012_Allele_1_and_2_g.IVS5-25GGTATTGCCCGCCTCCTCCTGCCAGG>	truncated (missing ALT)
RFXANK_hg38_18.BED	RFXANK	hg18	chr13	60814654	R0012_Allele_1_and_2_g.IVS5-25GGTATTGCCCGCCTCCTCCTGCCAGG>	truncated (missing ALT)
RFXANK_hg38_18.BED	RFXANK	hg18	chr13	60814654	R0013_Allele_1_g.IVS5-25GGTATTGCCCGCCTCCTCCTGCCAGG>	truncated (missing ALT)
RFXANK_hg38_18.BED	RFXANK	hg18	chr13	60814654	R0014_Allele_1_and_2_g.IVS5-25GGTATTGCCCGCCTCCTCCTGCCAGG>	truncated (missing ALT)
RFXANK_hg38_18.BED	RFXANK	hg18	chr13	60814654	R0014_Allele_1_and_2_g.IVS5-25GGTATTGCCCGCCTCCTCCTGCCAGG>	truncated (missing ALT)
RFXANK_hg38_18.BED	RFXANK	hg18	chr13	60814654	R0015_Allele_1_and_2_g.IVS5-25GGTATTGCCCGCCTCCTCCTGCCAGG>	truncated (missing ALT)
RFXANK_hg38_18.BED	RFXANK	hg18	chr13	60814654	R0015_Allele_1_and_2_g.IVS5-25GGTATTGCCCGCCTCCTCCTGCCAGG>	truncated (missing ALT)
RFXANK_hg38_18.BED	RFXANK	hg18	chr13	60814654	R0016_Allele_1_and_2_g.IVS5-25GGTATTGCCCGCCTCCTCCTGCCAGG>	truncated (missing ALT)
RFXANK_hg38_18.BED	RFXANK	hg18	chr13	60814654	R0016_Allele_1_and_2_g.IVS5-25GGTATTGCCCGCCTCCTCCTGCCAGG>	truncated (missing ALT)
RFXANK_hg38_18.BED	RFXANK	hg18	chr13	60814654	R0017_Allele_1_and_2_g.IVS5-25GGTATTGCCCGCCTCCTCCTGCCAGG>	truncated (missing ALT)
RFXANK_hg38_18.BED	RFXANK	hg18	chr13	60814654	R0017_Allele_1_and_2_g.IVS5-25GGTATTGCCCGCCTCCTCCTGCCAGG>	truncated (missing ALT)
RFXANK_hg38_18.BED	RFXANK	hg18	chr13	60814654	R0018_Allele_1_and_2_g.IVS5-25GGTATTGCCCGCCTCCTCCTGCCAGG>	truncated (missing ALT)
RFXANK_hg38_18.BED	RFXANK	hg18	chr13	60814654	R0018_Allele_1_and_2_g.IVS5-25GGTATTGCCCGCCTCCTCCTGCCAGG>	truncated (missing ALT)
RFXANK_hg38_18.BED	RFXANK	hg18	chr13	60814654	R0019_Allele_1_and_2_g.IVS5-25GGTATTGCCCGCCTCCTCCTGCCAGG>	truncated (missing ALT)
RFXANK_hg38_18.BED	RFXANK	hg18	chr13	60814654	R0019_Allele_1_and_2_g.IVS5-25GGTATTGCCCGCCTCCTCCTGCCAGG>	truncated (missing ALT)
RFXANK_hg38_18.BED	RFXANK	hg18	chr13	60814654	R0020_Allele_1_g.IVS5-25GGTATTGCCCGCCTCCTCCTGCCAGG>	truncated (missing ALT)
RFXANK_hg38_18.BED	RFXANK	hg18	chr13	60814654	R0021_Allele_1_and_2_g.IVS5-25GGTATTGCCCGCCTCCTCCTGCCAGG>	truncated (missing ALT)
RFXANK_hg38_18.BED	RFXANK	hg18	chr13	60814654	R0021_Allele_1_and_2_g.IVS5-25GGTATTGCCCGCCTCCTCCTGCCAGG>	truncated (missing ALT)
RFXANK_hg38_18.BED	RFXANK	hg18	chr13	60814654	R0022_Allele_1_and_2_g.IVS5-25GGTATTGCCCGCCTCCTCCTGCCAGG>	truncated (missing ALT)
RFXANK_hg38_18.BED	RFXANK	hg18	chr13	60814654	R0022_Allele_1_and_2_g.IVS5-25GGTATTGCCCGCCTCCTCCTGCCAGG>	truncated (missing ALT)
RFXANK_hg38_18.BED	RFXANK	hg18	chr13	60814654	R0025_Allele_1_and_2_g.IVS5-25GGTATTGCCCGCCTCCTCCTGCCAGG>	truncated (missing ALT)
RFXANK_hg38_18.BED	RFXANK	hg18	chr13	60814654	R0025_Allele_1_and_2_g.IVS5-25GGTATTGCCCGCCTCCTCCTGCCAGG>	truncated (missing ALT)
SMARCAL1_hg38_18.BED	SMARCAL1	hg18	chr19	57564898	S0020_Allele_1_and_2_g.9978_9979delAA_g.IVS51GT>_c.1146_1147delAA_c.11471GT>_r.1146_1147delaa_r.11471gu>_	truncated (missing ALT)
SMARCAL1_hg38_18.BED	SMARCAL1	hg18	chr19	57564898	S0020_Allele_1_and_2_g.9978_9979delAA_g.IVS51GT>_c.1146_1147delAA_c.11471GT>_r.1146_1147delaa_r.11471gu>_	truncated (missing ALT)
