gene	accession	c_notation	c_pos_start	c_pos_end	ref_nucleotides	mut_type
ADA	A0052	c.102C>T	102	102	C	substitution
ADA	A0053	c.520G>A	520	520	G	substitution
ADA	A0068	c.7C>T	7	7	C	substitution
ADA	A0037	c.138C>G	138	138	C	substitution
ADA	A0037	c.415T>C	415	415	T	substitution
ADA	A0010	c.153G>A	153	153	G	substitution
ADA	A0001	c.315G>T	315	315	G	substitution
ADA	A0001	c.741G>A	741	741	G	substitution
ADA	A0065	c.221G>A	221	221	G	substitution
ADA	A0065	c.715G>A	715	715	G	substitution
ADA	A0048	c.316G>T	316	316	G	substitution
ADA	A0048	c.1081C>T	1081	1081	C	substitution
ADA	A0012	c.321C>T	321	321	C	substitution
ADA	A0013	c.916C>T	916	916	C	substitution
ADA	A0039	c.343C>A	343	343	C	substitution
ADA	A0057	c.411C>G	411	411	C	substitution
ADA	A0019	c.396C>T	396	396	C	substitution
ADA	A0019	c.727G>A	727	727	G	substitution
ADA	A0043	c.397G>T	397	397	G	substitution
ADA	A0043	c.967C>T	967	967	C	substitution
ADA	A0009	c.397G>A	397	397	G	substitution
ADA	A0009	c.738G>A	738	738	G	substitution
ADA	A0035	c.406C>T	406	406	C	substitution
ADA	A0061	c.314delA	314	314	A	deletion
ADA	A0061	c.704G>A	704	704	G	substitution
ADA	A0063	c.929T>C	929	929	T	substitution
ADA	A0015	c.726C>T	726	726	C	substitution
ADA	A0064	c.355C>T	355	355	C	substitution
ADA	A0005	c.462delG	462	462	G	deletion
ADA	A0008	c.472C>A	472	472	C	substitution
ADA	A0006	c.480G>A	480	480	G	substitution
ADA	A0003	c.514G>A	514	514	G	substitution
ADA	A0003	c.1050_1054delGAAGA	1050	1054	GAAGA	deletion
ADA	A0054	c.519C>T	519	519	C	substitution
ADA	A0016	c.541G>A	541	541	G	substitution
ADA	A0016	c.985C>A	985	985	C	substitution
ADA	A0002	c.540C>T	540	540	C	substitution
ADA	A0002	c.1104_1106delGAA	1104	1106	GAA	deletion
ADA	A0058	c.549C>A	549	549	C	substitution
ADA	A0044	c.562G>A	562	562	G	substitution
ADA	A0024	c.561C>T	561	561	C	substitution
ADA	A0024	c.1006T>G	1006	1006	T	substitution
ADA	A0073	c.467G>A	467	467	G	substitution
ADA	A0073	c.704delG	704	704	G	deletion
ADA	A0042	c.624G>A	624	624	G	substitution
ADA	A0042	c.1114_1115delAG	1114	1115	AG	deletion
ADA	A0038	c.631C>A	631	631	C	substitution
ADA	A0060	c.634_635delTT	634	635	TT	deletion
ADA	A0060	c.702_773delGAGGCTGTGAAGAGCGGCATTCACCGTACTGTCCACGCCGGGGAGGTGGGCTCGGCCGAAGTAGTAAAAGAG	702	773	GAGGCTGTGAAGAGCGGCATTCACCGTACTGTCCACGCCGGGGAGGTGGGCTCGGCCGAAGTAGTAAAAGAG	deletion
ADA	A0004	c.691A>C	691	691	A	substitution
ADA	A0049	c.744G>A	744	744	G	substitution
ADA	A0059	c.793C>T	793	793	C	substitution
ADA	A0040	c.853G>C	853	853	G	substitution
ADA	A0027	c.855C>T	855	855	C	substitution
ADA	A0074	c.845G>A	845	845	G	substitution
AICDA	A0037	c.21_39delCCGGAGGAAGTTTCTTTAC	21	39	CCGGAGGAAGTTTCTTTAC	deletion
AICDA	A0059	c.31T>C	31	31	T	substitution
AICDA	A0001	c.146C>T	146	146	C	substitution
AICDA	A0051	c.70C>T	70	70	C	substitution
AICDA	A0062	c.127T>C	127	127	T	substitution
AICDA	A0038	c.166C>T	166	166	C	substitution
AICDA	A0081	c.172G>A	172	172	G	substitution
AICDA	A0081	c.259T>C	259	259	T	substitution
AICDA	A0031	c.252_260delTGCTCTTCC	252	260	TGCTCTTCC	deletion
AICDA	A0031	c.279G>A	279	279	G	substitution
AICDA	A0039	c.203G>A	203	203	G	substitution
AICDA	A0063	c.235_243delACCTGGTTC	235	243	ACCTGGTTC	deletion
AICDA	A0004	c.314T>C	314	314	T	substitution
AICDA	A0015	c.252G>A	252	252	G	substitution
AICDA	A0078	c.338T>C	338	338	T	substitution
AICDA	A0065	c.293T>G	293	293	T	substitution
AICDA	A0006	c.393T>C	393	393	T	substitution
AICDA	A0013	c.410C>T	410	410	C	substitution
AICDA	A0058	c.334C>T	334	334	C	substitution
AICDA	A0058	c.544delC	544	544	C	deletion
AICDA	A0027	c.411G>A	411	411	G	substitution
AICDA	A0053	c.335G>A	335	335	G	substitution
AICDA	A0083	c.364G>T	364	364	G	substitution
AICDA	A0060	c.407T>A	407	407	T	substitution
AICDA	A0008	c.491A>G	491	491	A	substitution
AICDA	A0011	c.517C>A	517	517	C	substitution
AICDA	A0009	c.528T>C	528	528	T	substitution
AICDA	A0042	c.522A>C	522	522	A	substitution
AICDA	A0070	c.568C>T	568	568	C	substitution
AIRE	A0176	c.1A>T	1	1	A	substitution
AIRE	A0176	c.769C>T	769	769	C	substitution
AIRE	A0153	c.43C>T	43	43	C	substitution
AIRE	A0042	c.171G>T	171	171	G	substitution
AIRE	A0042	c.1094_1106del	1094	1106		deletion
AIRE	A0104	c.896C>T	896	896	C	substitution
AIRE	A0122	c.174C>T	174	174	C	substitution
AIRE	A0157	c.47C>T	47	47	C	substitution
AIRE	A0155	c.232T>A	232	232	T	substitution
AIRE	A0155	c.64_69delGTGGAC	64	69	GTGGAC	deletion
AIRE	A0046	c.210T>C	210	210	T	substitution
AIRE	A0046	c.1376delC	1376	1376	C	deletion
AIRE	A0151	c.86T>C	86	86	T	substitution
AIRE	A0082	c.318_353del	318	353		deletion
AIRE	A0156	c.230T>C	230	230	T	substitution
AIRE	A0101	c.359T>A	359	359	T	substitution
AIRE	A0140	c.232T>C	232	232	T	substitution
AIRE	A0145	c.1072C>T	1072	1072	C	substitution
AIRE	A0148	c.755C>T	755	755	C	substitution
AIRE	A0005	c.374A>G	374	374	A	substitution
AIRE	A0043	c.396A>G	396	396	A	substitution
AIRE	A0091	c.405T>G	405	405	T	substitution
AIRE	A0022	c.542C>T	542	542	C	substitution
AIRE	A0164	c.415C>T	415	415	C	substitution
AIRE	A0088	c.644C>T	644	644	C	substitution
AIRE	A0160	c.540delG	540	540	G	deletion
AIRE	A0010	c.734C>T	734	734	C	substitution
AIRE	A0134	c.682G>T	682	682	G	substitution
AIRE	A0006	c.1765A>T	1765	1765	A	substitution
AIRE	A0096	c.1104C>T	1104	1104	C	substitution
AIRE	A0173	c.967_979delCTGTCCCCTCCGC	967	979	CTGTCCCCTCCGC	deletion
AIRE	A0175	c.931delT	931	931	T	deletion
AIRE	A0095	c.1028G>A	1028	1028	G	substitution
AIRE	A0178	c.908G>C	908	908	G	substitution
AIRE	A0037	c.1391delC	1391	1391	C	deletion
AIRE	A0093	c.1640delG	1640	1640	G	deletion
AIRE	A0150	c.1616C>T	1616	1616	C	substitution
AK2	A0007	c.1A>G	1	1	A	substitution
AK2	A0007	c.118delT	118	118	T	deletion
AK2	A0006	c.25G>T	25	25	G	substitution
AK2	A0005	c.307C>T	307	307	C	substitution
AK2	A0009	c.453delC	453	453	C	deletion
AK2	A0001	c.494A>G	494	494	A	substitution
AK2	A0003	c.523delC	523	523	C	deletion
AK2	A0004	c.556C>T	556	556	C	substitution
AP3B1	A0010	c.153_156delAGAG	153	156	AGAG	deletion
AP3B1	A0007	c.904A>T	904	904	A	substitution
AP3B1	A0001	c.1166_1228del	1166	1228		deletion
AP3B1	A0001	c.1739T>G	1739	1739	T	substitution
AP3B1	A0003	c.1525C>T	1525	1525	C	substitution
AP3B1	A0003	c.1975G>T	1975	1975	G	substitution
BIRC4	B0001	c.292delC	292	292	C	deletion
BIRC4	B0019	c.310C>T	310	310	C	substitution
BIRC4	B0006	c.352G>T	352	352	G	substitution
BIRC4	B0016	c.563G>A	563	563	G	substitution
BIRC4	B0018	c.997C>T	997	997	C	substitution
BIRC4	B0010	c.1019A>G	1019	1019	A	substitution
BIRC4	B0009	c.1408A>T	1408	1408	A	substitution
BIRC4	B0014	c.1445C>G	1445	1445	C	substitution
BIRC4	B0015	c.1481T>A	1481	1481	T	substitution
BLM	B0135	c.275delA	275	275	A	deletion
BLM	B0113	c.311C>A	311	311	C	substitution
BLM	B0113	c.3164G>C	3164	3164	G	substitution
BLM	B0034	c.557_559delCAA	557	559	CAA	deletion
BLM	B0144	c.581_582delTT	581	582	TT	deletion
BLM	B0139	c.772_773delCT	772	773	CT	deletion
BLM	B0131	c.814A>T	814	814	A	substitution
BLM	B0103	c.991_995delAAAGA	991	995	AAAGA	deletion
BLM	B0103	c.3028delG	3028	3028	G	deletion
BLM	B0104	c.1642C>T	1642	1642	C	substitution
BLM	B0129	c.1701G>A	1701	1701	G	substitution
BLM	B0129	c.1090A>T	1090	1090	A	substitution
BLM	B0074	c.1933C>T	1933	1933	C	substitution
BLM	B0074	c.1284G>A	1284	1284	G	substitution
BLM	B0127	c.1346delC	1346	1346	C	deletion
BLM	B0136	c.1628T>A	1628	1628	T	substitution
BLM	B0128	c.1784C>A	1784	1784	C	substitution
BLM	B0075	c.2725C>T	2725	2725	C	substitution
BLM	B0077	c.2098C>T	2098	2098	C	substitution
BLM	B0081	c.2923delC	2923	2923	C	deletion
BLM	B0083	c.3261delT	3261	3261	T	deletion
BLM	B0084	c.2695C>T	2695	2695	C	substitution
BLM	B0106	c.2015A>G	2015	2015	A	substitution
BLM	B0110	c.3191A>T	3191	3191	A	substitution
BLM	B0111	c.3475_3476delTT	3475	3476	TT	deletion
BLM	B0019	c.3159delT	3159	3159	T	deletion
BLM	B0043	c.2672G>A	2672	2672	G	substitution
BLM	B0057	c.3510T>A	3510	3510	T	substitution
BLM	B0061	c.2506_2507delAG	2506	2507	AG	deletion
BLM	B0063	c.3197G>A	3197	3197	G	substitution
BLM	B0126	c.3681delA	3681	3681	A	deletion
BLM	B0133	c.2643G>A	2643	2643	G	substitution
BLM	B0090	c.3415C>T	3415	3415	C	substitution
BLM	B0125	c.2702G>A	2702	2702	G	substitution
BLM	B0146	c.2821C>T	2821	2821	C	substitution
BLM	B0146	c.3107G>T	3107	3107	G	substitution
BLM	B0142	c.2855G>T	2855	2855	G	substitution
BLM	B0132	c.2887C>T	2887	2887	C	substitution
BLM	B0123	c.3118C>T	3118	3118	C	substitution
BLM	B0140	c.3278C>G	3278	3278	C	substitution
BLM	B0068	c.3587delG	3587	3587	G	deletion
BLM	B0122	c.3847C>T	3847	3847	C	substitution
C1QA	C0011	c.157delG	157	157	G	deletion
C1QA	C0011	c.190C>T	190	190	C	substitution
C1QA	C0001	c.634C>T	634	634	C	substitution
C1QA	C0007	c.622C>T	622	622	C	substitution
C1QA	C0010	c.648G>A	648	648	G	substitution
C1QB	C0002	c.125G>A	125	125	G	substitution
C1QB	C0001	c.529C>T	529	529	C	substitution
C1QB	C0007	c.730G>A	730	730	G	substitution
C1QC	C0001	c.100G>A	100	100	G	substitution
C1QC	C0004	c.205C>T	205	205	C	substitution
C1QC	C0002	c.213delC	213	213	C	deletion
C1QC	C0005	c.226G>A	226	226	G	substitution
C1S	C0006	c.612C>G	612	612	C	substitution
C1S	C0001	c.1334_1337delTTTG	1334	1337	TTTG	deletion
C1S	C0002	c.1991G>T	1991	1991	G	substitution
C1S	C0003	c.1769C>T	1769	1769	C	substitution
C1S	C0004	c.1789G>T	1789	1789	G	substitution
C1S	C0004	c.1889G>A	1889	1889	G	substitution
C2	C0001	c.428G>A	428	428	G	substitution
C2	C0001	c.990G>C	990	990	G	substitution
C2	C0002	c.877_904del	877	904		deletion
C2	C0002	c.1426G>A	1426	1426	G	substitution
C3	C0008	c.1645G>A	1645	1645	G	substitution
C3	C0014	c.1648T>C	1648	1648	T	substitution
C3	C0007	c.1656G>A	1656	1656	G	substitution
C3	C0013	c.1775G>A	1775	1775	G	substitution
C3	C0003	c.2354_2414del	2354	2414		deletion
C3	C0009	c.2542C>T	2542	2542	C	substitution
C3	C0011	c.3243C>G	3243	3243	C	substitution
C3	C0001	c.3303C>G	3303	3303	C	substitution
C5	C0001	c.67C>T	67	67	C	substitution
C5	C0007	c.892C>T	892	892	C	substitution
C5	C0005	c.1115A>G	1115	1115	A	substitution
C5	C0006	c.2536T>C	2536	2536	T	substitution
C5	C0003	c.4438C>T	4438	4438	C	substitution
C6	C0005	c.392delC	392	392	C	deletion
C6	C0010	c.977delG	977	977	G	deletion
C6	C0012	c.1293delC	1293	1293	C	deletion
C6	C0011	c.2034delG	2034	2034	G	deletion
C7	C0031	c.189T>G	189	189	T	substitution
C7	C0026	c.631_641delACGTCGACAGA	631	641	ACGTCGACAGA	deletion
C7	C0026	c.1924_1925delAG	1924	1925	AG	deletion
C7	C0015	c.615G>A	615	615	G	substitution
C7	C0015	c.1135G>C	1135	1135	G	substitution
C7	C0012	c.659G>A	659	659	G	substitution
C7	C0006	c.1135G>A	1135	1135	G	substitution
C7	C0017	c.1314delA	1314	1314	A	deletion
C7	C0027	c.1561C>A	1561	1561	C	substitution
C7	C0021	c.1424G>A	1424	1424	G	substitution
C7	C0025	c.1458T>A	1458	1458	T	substitution
C7	C0034	c.1741delT	1741	1741	T	deletion
C7	C0024	c.1957G>T	1957	1957	G	substitution
C7	C0011	c.2044G>C	2044	2044	G	substitution
C7	C0011	c.2060G>A	2060	2060	G	substitution
C7	C0029	c.2107C>T	2107	2107	C	substitution
C7	C0002	c.2140_2141delGT	2140	2141	GT	deletion
C7	C0001	c.2250T>A	2250	2250	T	substitution
C7	C0010	c.2350delG	2350	2350	G	deletion
C8B	C0048	c.271C>T	271	271	C	substitution
C8B	C0048	c.1282C>T	1282	1282	C	substitution
C8B	C0052	c.336delC	336	336	C	deletion
C8B	C0052	c.605delC	605	605	C	deletion
C8B	C0046	c.361C>T	361	361	C	substitution
C8B	C0045	c.820C>T	820	820	C	substitution
C9	C0001	c.166C>A	166	166	C	substitution
C9	C0001	c.464C>T	464	464	C	substitution
C9	C0002	c.350C>T	350	350	C	substitution
C9	C0003	c.359T>G	359	359	T	substitution
C9	C0003	c.1284C>G	1284	1284	C	substitution
CASP10	C0001	c.871C>T	871	871	C	substitution
CASP10	C0002	c.1246G>A	1246	1246	G	substitution
CASP8	C0001	c.1033C>T	1033	1033	C	substitution
CD19	C0002	c.1384_1385delGA	1384	1385	GA	deletion
CD247	C0001	c.208C>T	208	208	C	substitution
CD3D	C0001	c.202C>T	202	202	C	substitution
CD3D	C0004	c.279C>A	279	279	C	substitution
CD3E	A0002	c.128_129delCC	128	129	CC	deletion
CD3G	A0004	c.205A>T	205	205	A	substitution
CD40L	C0079	c.87C>T	87	87	C	substitution
CD40L	C0217	c.31C>T	31	31	C	substitution
CD40L	C0156	c.78T>G	78	78	T	substitution
CD40L	C0251	c.87delT	87	87	T	deletion
CD40L	C0095	c.163T>G	163	163	T	substitution
CD40L	C0028	c.168G>C	168	168	G	substitution
CD40L	C0037	c.172C>A	172	172	C	substitution
CD40L	C0061	c.198A>T	198	198	A	substitution
CD40L	C0050	c.212G>A	212	212	G	substitution
CD40L	C0157	c.154A>T	154	154	A	substitution
CD40L	C0003	c.213_216delATAG	213	216	ATAG	deletion
CD40L	C0145	c.158_161delTAGA	158	161	TAGA	deletion
CD40L	C0196	c.157_160delATAG	157	160	ATAG	deletion
CD40L	C0080	c.222G>T	222	222	G	substitution
CD40L	C0252	c.184_200delGATTTTGTATTCATGAA	184	200	GATTTTGTATTCATGAA	deletion
CD40L	C0161	c.208C>T	208	208	C	substitution
CD40L	C0197	c.208_209delCA	208	209	CA	deletion
CD40L	C0106	c.272C>A	272	272	C	substitution
CD40L	C0220	c.216C>A	216	216	C	substitution
CD40L	C0043	c.282G>T	282	282	G	substitution
CD40L	C0216	c.286A>T	286	286	A	substitution
CD40L	C0010	c.350delA	350	350	A	deletion
CD40L	C0011	c.375_381delAAAGAAA	375	381	AAAGAAA	deletion
CD40L	C0204	c.322G>T	322	322	G	substitution
CD40L	C0162	c.323delA	323	323	A	deletion
CD40L	C0140	c.334G>T	334	334	G	substitution
CD40L	C0007	c.402G>C	402	402	G	substitution
CD40L	C0131	c.402G>A	402	402	G	substitution
CD40L	C0045	c.424C>A	424	424	C	substitution
CD40L	C0206	c.368C>A	368	368	C	substitution
CD40L	C0069	c.423delG	423	423	G	deletion
CD40L	C0071	c.430A>G	430	430	A	substitution
CD40L	C0062	c.433T>C	433	433	T	substitution
CD40L	C0048	c.433C>A	433	433	C	substitution
CD40L	C0245	c.377T>A	377	377	T	substitution
CD40L	C0203	c.384T>A	384	384	T	substitution
CD40L	C0047	c.465_474delGTGTTACAGT	465	474	GTGTTACAGT	deletion
CD40L	C0064	c.465del	465	465		deletion
CD40L	C0173	c.415C>T	415	415	C	substitution
CD40L	C0208	c.420G>T	420	420	G	substitution
CD40L	C0070	c.474T>G	474	474	T	substitution
CD40L	C0142	c.418T>G	418	418	T	substitution
CD40L	C0031	c.474T>C	474	474	T	substitution
CD40L	C0097	c.476G>T	476	476	G	substitution
CD40L	C0004	c.475G>A	475	475	G	substitution
CD40L	C0190	c.424_429delGAAAAA	424	429	GAAAAA	deletion
CD40L	C0057	c.484T>C	484	484	T	substitution
CD40L	C0032	c.487G>A	487	487	G	substitution
CD40L	C0209	c.431G>A	431	431	G	substitution
CD40L	C0174	c.435C>A	435	435	C	substitution
CD40L	C0191	c.433_435delTAC	433	435	TAC	deletion
CD40L	C0074	c.496C>A	496	496	C	substitution
CD40L	C0233	c.444delG	444	444	G	deletion
CD40L	C0029	c.500_504delGAGCA	500	504	GAGCA	deletion
CD40L	C0001	c.520T>C	520	520	T	substitution
CD40L	C0155	c.464T>C	464	464	T	substitution
CD40L	C0223	c.470delA	470	470	A	deletion
CD40L	C0053	c.528delG	528	528	G	deletion
CD40L	C0250	c.482T>C	482	482	T	substitution
CD40L	C0025	c.551delA	551	551	A	deletion
CD40L	C0175	c.496C>T	496	496	C	substitution
CD40L	C0249	c.499G>C	499	499	G	substitution
CD40L	C0211	c.499G>T	499	499	G	substitution
CD40L	C0178	c.505T>G	505	505	T	substitution
CD40L	C0215	c.505T>A	505	505	T	substitution
CD40L	C0085	c.565A>G	565	565	A	substitution
CD40L	C0242	c.509A>G	509	509	A	substitution
CD40L	C0148	c.508_516delTATATCTAT	508	516	TATATCTAT	deletion
CD40L	C0072	c.567_569delATC	567	569	ATC	deletion
CD40L	C0154	c.511_512delAT	511	512	AT	deletion
CD40L	C0016	c.574C>A	574	574	C	substitution
CD40L	C0038	c.577A>G	577	577	A	substitution
CD40L	C0150	c.521A>G	521	521	A	substitution
CD40L	C0180	c.520C>T	520	520	C	substitution
CD40L	C0149	c.521_522delAA	521	522	AA	deletion
CD40L	C0034	c.583C>T	583	583	C	substitution
CD40L	C0147	c.539delA	539	539	A	deletion
CD40L	C0098	c.607C>A	607	607	C	substitution
CD40L	C0081	c.612C>T	612	612	C	substitution
CD40L	C0181	c.556C>T	556	556	C	substitution
CD40L	C0192	c.559delG	559	559	G	deletion
CD40L	C0039	c.640T>C	640	640	T	substitution
CD40L	C0193	c.589delC	589	589	C	deletion
CD40L	C0103	c.654A>T	654	654	A	substitution
CD40L	C0182	c.598A>T	598	598	A	substitution
CD40L	C0040	c.660G>T	660	660	G	substitution
CD40L	C0184	c.608G>T	608	608	G	substitution
CD40L	C0044	c.679C>A	679	679	C	substitution
CD40L	C0110	c.692_693delCA	692	693	CA	deletion
CD40L	C0094	c.710C>A	710	710	C	substitution
CD40L	C0185	c.654C>A	654	654	C	substitution
CD40L	C0033	c.714C>T	714	714	C	substitution
CD40L	C0187	c.658C>T	658	658	C	substitution
CD40L	C0054	c.717C>T	717	717	C	substitution
CD40L	C0139	c.721C>T	721	721	C	substitution
CD40L	C0052	c.726G>T	726	726	G	substitution
CD40L	C0014	c.733G>C	733	733	G	substitution
CD40L	C0075	c.736G>T	736	736	G	substitution
CD40L	C0243	c.679G>T	679	679	G	substitution
CD40L	C0113	c.735_737delGGA	735	737	GGA	deletion
CD40L	C0246	c.687T>A	687	687	T	substitution
CD40L	C0083	c.748T>C	748	748	T	substitution
CD40L	C0104	c.750C>T	750	750	C	substitution
CD40L	C0230	c.694C>T	694	694	C	substitution
CD40L	C0076	c.759G>C	759	759	G	substitution
CD40L	C0108	c.763C>A	763	763	C	substitution
CD40L	C0099	c.766T>A	766	766	T	substitution
CD40L	C0060	c.782_783delTG	782	783	TG	deletion
CD40L	C0240	c.757T>A	757	757	T	substitution
CD40L	C0019	c.817C>T	817	817	C	substitution
CD40L	C0151	c.761C>T	761	761	C	substitution
CD40L	C0013	c.826G>A	826	826	G	substitution
CD40L	C0030	c.825G>A	825	825	G	substitution
CD40L	C0087	c.829T>C	829	829	T	substitution
CD40L	C0051	c.832delT	832	832	T	deletion
CD40	T0002	c.294T>C	294	294	T	substitution
CD40	T0001	c.455A>T	455	455	A	substitution
CD55	D0005	c.261G>A	261	261	G	substitution
CD55	D0009	c.508C>T	508	508	C	substitution
CD55	D0001	c.596C>T	596	596	C	substitution
CD55	D0006	c.263C>A	263	263	C	substitution
CD59	C0001	c.123delC	123	123	C	deletion
CD79B	C0001	c.412G>A	412	412	G	substitution
CD8A	C0001	c.396G>A	396	396	G	substitution
CEBPE	C0001	c.249_253delTGACC	249	253	TGACC	deletion
CEBPE	C0003	c.653T>C	653	653	T	substitution
CFD	D0001	c.125C>A	125	125	C	substitution
CFD	D0006	c.638T>G	638	638	T	substitution
CFH	H0024	c.155_158delAGAA	155	158	AGAA	deletion
CFH	H0042	c.232A>G	232	232	A	substitution
CFH	H0034	c.371_395delTTAATTACCGTGAATGTGACACAGA	371	395	TTAATTACCGTGAATGTGACACAGA	deletion
CFH	H0028	c.380G>T	380	380	G	substitution
CFH	H0004	c.638G>T	638	638	G	substitution
CFH	H0030	c.1291T>A	1291	1291	T	substitution
CFH	H0011	c.1493delA	1493	1493	A	deletion
CFH	H0001	c.1679T>C	1679	1679	T	substitution
CFH	H0001	c.2949G>A	2949	2949	G	substitution
CFH	H0055	c.1890T>G	1890	1890	T	substitution
CFH	H0031	c.2018G>C	2018	2018	G	substitution
CFH	H0037	c.2018G>A	2018	2018	G	substitution
CFH	H0056	c.2141C>G	2141	2141	C	substitution
CFH	H0057	c.2548G>A	2548	2548	G	substitution
CFH	H0036	c.2678A>G	2678	2678	A	substitution
CFH	H0026	c.2697T>A	2697	2697	T	substitution
CFH	H0035	c.2743T>A	2743	2743	T	substitution
CFH	H0032	c.2773C>T	2773	2773	C	substitution
CFH	H0043	c.2850G>T	2850	2850	G	substitution
CFH	H0044	c.2851T>C	2851	2851	T	substitution
CFH	H0009	c.2940C>T	2940	2940	C	substitution
CFH	H0058	c.2934G>T	2934	2934	G	substitution
CFH	H0069	c.3062A>T	3062	3062	A	substitution
CFH	H0069	c.3628C>T	3628	3628	C	substitution
CFH	H0059	c.3127T>C	3127	3127	T	substitution
CFH	H0016	c.3299C>G	3299	3299	C	substitution
CFH	H0016	c.3559delA	3559	3559	A	deletion
CFH	H0060	c.3226C>G	3226	3226	C	substitution
CFH	H0017	c.3429A>G	3429	3429	A	substitution
CFH	H0061	c.3401T>G	3401	3401	T	substitution
CFH	H0062	c.3424T>G	3424	3424	T	substitution
CFH	H0063	c.3469T>C	3469	3469	T	substitution
CFH	H0045	c.3489C>G	3489	3489	C	substitution
CFH	H0025	c.3587G>T	3587	3587	G	substitution
CFH	H0046	c.3514G>T	3514	3514	G	substitution
CFH	H0007	c.3621G>T	3621	3621	G	substitution
CFH	H0039	c.3548G>T	3548	3548	G	substitution
CFH	H0041	c.3547T>A	3547	3547	T	substitution
CFH	H0019	c.3624C>G	3624	3624	C	substitution
CFH	H0070	c.3565C>T	3565	3565	C	substitution
CFH	H0008	c.3639T>G	3639	3639	T	substitution
CFH	H0002	c.3645C>T	3645	3645	C	substitution
CFH	H0071	c.3572C>G	3572	3572	C	substitution
CFH	H0048	c.3581G>A	3581	3581	G	substitution
CFH	H0050	c.3590T>C	3590	3590	T	substitution
CFH	H0052	c.3593A>C	3593	3593	A	substitution
CFH	H0038	c.3596T>C	3596	3596	T	substitution
CFH	H0013	c.3701C>T	3701	3701	C	substitution
CFH	H0018	c.3716C>G	3716	3716	C	substitution
CFH	H0010	c.3717G>A	3717	3717	G	substitution
CFH	H0066	c.3646_3648delACA	3646	3648	ACA	deletion
CFH	H0067	c.3676C>T	3676	3676	C	substitution
CFH	H0068	c.3695_3698delAGAA	3695	3698	AGAA	deletion
CFI	I0015	c.269G>A	269	269	G	substitution
CFI	I0013	c.485G>A	485	485	G	substitution
CFI	I0012	c.548A>G	548	548	A	substitution
CFI	I0007	c.739T>G	739	739	T	substitution
CFI	I0009	c.772G>A	772	772	G	substitution
CFI	I0009	c.804G>A	804	804	G	substitution
CFI	I0016	c.916A>G	916	916	A	substitution
CFI	I0014	c.1019T>C	1019	1019	T	substitution
CFI	I0018	c.1106A>C	1106	1106	A	substitution
CFI	I0001	c.1253A>T	1253	1253	A	substitution
CFI	I0004	c.907G>A	907	907	G	substitution
CFI	I0004	c.1420C>T	1420	1420	C	substitution
CFP	P0003	c.477C>T	477	477	C	substitution
CFP	P0007	c.540C>T	540	540	C	substitution
CFP	P0001	c.723C>T	723	723	C	substitution
CFP	P0036	c.801C>T	801	801	C	substitution
CFP	P0013	c.859C>G	859	859	C	substitution
CFP	P0010	c.912_913delTG	912	913	TG	deletion
CFP	P0015	c.1025_1032delGCCTTGGG	1025	1032	GCCTTGGG	deletion
CFP	P0026	c.1135G>T	1135	1135	G	substitution
CFP	P0009	c.1203T>G	1203	1203	T	substitution
CFP	P0021	c.1204G>C	1204	1204	G	substitution
CFP	P0011	c.1270A>G	1270	1270	A	substitution
CFP	P0035	c.1278C>T	1278	1278	C	substitution
CIITA	M0001	c.1279G>T	1279	1279	G	substitution
CIITA	M0003	c.1544T>C	1544	1544	T	substitution
CIITA	M0007	c.2201G>A	2201	2201	G	substitution
CIITA	M0006	c.3023T>C	3023	3023	T	substitution
CIITA	M0008	c.3216_3218delCAT	3216	3218	CAT	deletion
CIITA	M0002	c.3367_3378del	3367	3378		deletion
CTSC	C0136	c.21delG	21	21	G	deletion
CTSC	C0056	c.72C>A	72	72	C	substitution
CTSC	C0098	c.415G>A	415	415	G	substitution
CTSC	C0112	c.90C>A	90	90	C	substitution
CTSC	C0069	c.96T>G	96	96	T	substitution
CTSC	C0069	c.380A>C	380	380	A	substitution
CTSC	C0075	c.815G>C	815	815	G	substitution
CTSC	C0124	c.113_116delCCTG	113	116	CCTG	deletion
CTSC	C0124	c.851G>A	851	851	G	substitution
CTSC	C0048	c.116G>C	116	116	G	substitution
CTSC	C0084	c.145C>T	145	145	C	substitution
CTSC	C0034	c.199_222delTACCTTCAGAAGCTGGATACAGCA	199	222	TACCTTCAGAAGCTGGATACAGCA	deletion
CTSC	C0034	c.458C>T	458	458	C	substitution
CTSC	C0086	c.205C>T	205	205	C	substitution
CTSC	C0127	c.322A>T	322	322	A	substitution
CTSC	C0127	c.436delT	436	436	T	deletion
CTSC	C0137	c.504C>G	504	504	C	substitution
CTSC	C0128	c.566_572delCATACAT	566	572	CATACAT	deletion
CTSC	C0129	c.628C>T	628	628	C	substitution
CTSC	C0131	c.854C>T	854	854	C	substitution
CTSC	C0135	c.890G>T	890	890	G	substitution
CTSC	C0135	c.923G>A	923	923	G	substitution
CTSC	C0132	c.901G>A	901	901	G	substitution
CTSC	C0125	c.1156G>C	1156	1156	G	substitution
CTSC	C0076	c.1141delC	1141	1141	C	deletion
CTSC	C0101	c.706G>T	706	706	G	substitution
CTSC	C0123	c.778T>C	778	778	T	substitution
CTSC	C0073	c.555G>A	555	555	G	substitution
CTSC	C0104	c.587T>C	587	587	T	substitution
CTSC	C0119	c.629_630delGA	629	630	GA	deletion
CTSC	C0038	c.704G>A	704	704	G	substitution
CTSC	C0054	c.872G>A	872	872	G	substitution
CTSC	C0004	c.745G>T	745	745	G	substitution
CTSC	C0039	c.748C>T	748	748	C	substitution
CTSC	C0001	c.755A>T	755	755	A	substitution
CTSC	C0102	c.815G>A	815	815	G	substitution
CTSC	C0102	c.1235A>G	1235	1235	A	substitution
CTSC	C0022	c.857A>G	857	857	A	substitution
CTSC	C0012	c.856C>T	856	856	C	substitution
CTSC	C0091	c.880T>C	880	880	T	substitution
CTSC	C0041	c.898G>A	898	898	G	substitution
CTSC	C0041	c.1340A>G	1340	1340	A	substitution
CTSC	C0042	c.902G>T	902	902	G	substitution
CTSC	C0044	c.910T>A	910	910	T	substitution
CTSC	C0088	c.912C>A	912	912	C	substitution
CTSC	C0103	c.935A>G	935	935	A	substitution
CTSC	C0083	c.947T>G	947	947	T	substitution
CTSC	C0083	c.1268G>C	1268	1268	G	substitution
CTSC	C0045	c.956A>G	956	956	A	substitution
CTSC	C0068	c.984_990delTTCTCCA	984	990	TTCTCCA	deletion
CTSC	C0002	c.1015C>T	1015	1015	C	substitution
CTSC	C0015	c.1028_1029delCT	1028	1029	CT	deletion
CTSC	C0005	c.1040A>G	1040	1040	A	substitution
CTSC	C0014	c.1047delA	1047	1047	A	deletion
CTSC	C0072	c.1056delT	1056	1056	T	deletion
CTSC	C0072	c.1287G>C	1287	1287	G	substitution
CTSC	C0096	c.1213C>A	1213	1213	C	substitution
CTSC	C0122	c.1214A>G	1214	1214	A	substitution
CTSC	C0116	c.1213_1215delCAT	1213	1215	CAT	deletion
CTSC	C0134	c.1269G>A	1269	1269	G	substitution
CTSC	C0016	c.1286delG	1286	1286	G	deletion
CTSC	C0047	c.1286G>A	1286	1286	G	substitution
CXCR4	C0001	c.1000C>T	1000	1000	C	substitution
CXCR4	C0020	c.1006G>T	1006	1006	G	substitution
CXCR4	C0022	c.1013C>G	1013	1013	C	substitution
CXCR4	C0016	c.1016_1017delCT	1016	1017	CT	deletion
CXCR4	C0028	c.1021delT	1021	1021	T	deletion
CXCR4	C0014	c.1027G>T	1027	1027	G	substitution
CYBA	H0086	c.2T>A	2	2	T	substitution
CYBA	H0023	c.7C>T	7	7	C	substitution
CYBA	H0017	c.26G>A	26	26	G	substitution
CYBA	H0017	c.74G>T	74	74	G	substitution
CYBA	H0027	c.27G>A	27	27	G	substitution
CYBA	H0105	c.46G>C	46	46	G	substitution
CYBA	H0069	c.71G>A	71	71	G	substitution
CYBA	H0021	c.70G>A	70	70	G	substitution
CYBA	H0021	c.107G>A	107	107	G	substitution
CYBA	H0030	c.371C>T	371	371	C	substitution
CYBA	H0100	c.152T>A	152	152	T	substitution
CYBA	H0014	c.155T>C	155	155	T	substitution
CYBA	H0005	c.158A>T	158	158	A	substitution
CYBA	H0054	c.164C>G	164	164	C	substitution
CYBA	H0019	c.268C>T	268	268	C	substitution
CYBA	H0090	c.171delG	171	171	G	deletion
CYBA	H0041	c.174delG	174	174	G	deletion
CYBA	H0042	c.223delC	223	223	C	deletion
CYBA	H0001	c.246delC	246	246	C	deletion
CYBA	H0001	c.269G>A	269	269	G	substitution
CYBA	H0094	c.261C>G	261	261	C	substitution
CYBA	H0095	c.261C>A	261	261	C	substitution
CYBA	H0067	c.268C>G	268	268	C	substitution
CYBA	H0102	c.354C>A	354	354	C	substitution
CYBA	H0066	c.269G>C	269	269	G	substitution
CYBA	H0012	c.281A>G	281	281	A	substitution
CYBA	H0097	c.288G>T	288	288	G	substitution
CYBA	H0103	c.287T>C	287	287	T	substitution
CYBA	H0040	c.295_301delGTGCCCG	295	301	GTGCCCG	deletion
CYBA	H0064	c.339C>A	339	339	C	substitution
CYBA	H0045	c.369G>A	369	369	G	substitution
CYBA	H0048	c.370G>T	370	370	G	substitution
CYBA	H0047	c.373G>A	373	373	G	substitution
CYBA	H0043	c.385_388delGAGC	385	388	GAGC	deletion
CYBA	H0088	c.399delC	399	399	C	deletion
CYBA	H0074	c.408delC	408	408	C	deletion
CYBA	H0107	c.371_374delCGGC	371	374	CGGC	deletion
CYBA	H0011	c.467C>A	467	467	C	substitution
CYBA	H0031	c.472_484delCGGCCCCCGGCCG	472	484	CGGCCCCCGGCCG	deletion
CYBA	H0053	c.571_604del	571	604		deletion
CYBB	A0411	c.2T>A	2	2	T	substitution
CYBB	A0412	c.2T>G	2	2	T	substitution
CYBB	A0242	c.1A>G	1	1	A	substitution
CYBB	A0108	c.12G>A	12	12	G	substitution
CYBB	A0260	c.11G>A	11	11	G	substitution
CYBB	A0305	c.14_27delCTGTGAATGAGGGG	14	27	CTGTGAATGAGGGG	deletion
CYBB	A0660	c.27delG	27	27	G	deletion
CYBB	A0079	c.40delG	40	40	G	deletion
CYBB	A0214	c.47delT	47	47	T	deletion
CYBB	A0215	c.49delG	49	49	G	deletion
CYBB	A0083	c.54G>C	54	54	G	substitution
CYBB	A0672	c.53G>A	53	53	G	substitution
CYBB	A0136	c.58G>C	58	58	G	substitution
CYBB	A0647	c.58G>A	58	58	G	substitution
CYBB	A0327	c.80_83delTCTG	80	83	TCTG	deletion
CYBB	A0477	c.84G>A	84	84	G	substitution
CYBB	A0575	c.83G>A	83	83	G	substitution
CYBB	A0680	c.85delT	85	85	T	deletion
CYBB	A0681	c.90C>A	90	90	C	substitution
CYBB	A0684	c.94delG	94	94	G	deletion
CYBB	A0024	c.99T>A	99	99	T	substitution
CYBB	A0685	c.105delT	105	105	T	deletion
CYBB	A0686	c.112A>T	112	112	A	substitution
CYBB	A0495	c.121T>G	121	121	T	substitution
CYBB	A0018	c.121delT	121	121	T	deletion
CYBB	A0688	c.125C>G	125	125	C	substitution
CYBB	A0261	c.127A>T	127	127	A	substitution
CYBB	A0692	c.134T>G	134	134	T	substitution
CYBB	A0712	c.143C>G	143	143	C	substitution
CYBB	A0050	c.158C>A	158	158	C	substitution
CYBB	A0243	c.160A>G	160	160	A	substitution
CYBB	A0455	c.161G>T	161	161	G	substitution
CYBB	A0133	c.162G>C	162	162	G	substitution
CYBB	A0322	c.160_165delAGGGCC	160	165	AGGGCC	deletion
CYBB	A0353	c.164C>A	164	164	C	substitution
CYBB	A0244	c.167C>T	167	167	C	substitution
CYBB	A0069	c.170C>A	170	170	C	substitution
CYBB	A0362	c.176G>T	176	176	G	substitution
CYBB	A0175	c.175T>C	175	175	T	substitution
CYBB	A0246	c.177C>G	177	177	C	substitution
CYBB	A0363	c.176G>A	176	176	G	substitution
CYBB	A0720	c.177C>A	177	177	C	substitution
CYBB	A0614	c.185delT	185	185	T	deletion
CYBB	A0413	c.189C>G	189	189	C	substitution
CYBB	A0247	c.190T>C	190	190	T	substitution
CYBB	A0364	c.192C>A	192	192	C	substitution
CYBB	A0723	c.194T>G	194	194	T	substitution
CYBB	A0725	c.197T>C	197	197	T	substitution
CYBB	A0008	c.217C>T	217	217	C	substitution
CYBB	A0743	c.226delC	226	226	C	deletion
CYBB	A0011	c.242delG	242	242	G	deletion
CYBB	A0022	c.252G>A	252	252	G	substitution
CYBB	A0778	c.252G>T	252	252	G	substitution
CYBB	A0110	c.251delC	251	251	C	deletion
CYBB	A0365	c.255C>A	255	255	C	substitution
CYBB	A1439	c.266delG	266	266	G	deletion
CYBB	A0029	c.271C>T	271	271	C	substitution
CYBB	A0798	c.275delG	275	275	G	deletion
CYBB	A0812	c.286_290delAGGAA	286	290	AGGAA	deletion
CYBB	A0097	c.295delA	295	295	A	deletion
CYBB	A0017	c.302A>G	302	302	A	substitution
CYBB	A0381	c.301C>T	301	301	C	substitution
CYBB	A0015	c.318G>A	318	318	G	substitution
CYBB	A0410	c.320T>G	320	320	T	substitution
CYBB	A0210	c.326_327delCA	326	327	CA	deletion
CYBB	A0818	c.330_331delTC	330	331	TC	deletion
CYBB	A0820	c.334T>C	334	334	T	substitution
CYBB	A0827	c.339delG	339	339	G	deletion
CYBB	A0382	c.345C>A	345	345	C	substitution
CYBB	A0383	c.343C>T	343	343	C	substitution
CYBB	A0103	c.354delA	354	354	A	deletion
CYBB	A0384	c.356A>G	356	356	A	substitution
CYBB	A0249	c.359T>C	359	359	T	substitution
CYBB	A0828	c.360_375delATTTAATGTGGAATGG	360	375	ATTTAATGTGGAATGG	deletion
CYBB	A0829	c.370G>T	370	370	G	substitution
CYBB	A0480	c.375G>T	375	375	G	substitution
CYBB	A0564	c.375G>A	375	375	G	substitution
CYBB	A0830	c.374G>A	374	374	G	substitution
CYBB	A0862	c.389G>T	389	389	G	substitution
CYBB	A0861	c.389G>C	389	389	G	substitution
CYBB	A0065	c.388C>T	388	388	C	substitution
CYBB	A0832	c.388delC	388	388	C	deletion
CYBB	A0863	c.394_406delAATAATTCTGATC	394	406	AATAATTCTGATC	deletion
CYBB	A0543	c.398delA	398	398	A	deletion
CYBB	A0864	c.411T>A	411	411	T	substitution
CYBB	A0866	c.413C>A	413	413	C	substitution
CYBB	A0865	c.412_418delTCAGTAG	412	418	TCAGTAG	deletion
CYBB	A0559	c.422T>C	422	422	T	substitution
CYBB	A0465	c.424T>C	424	424	T	substitution
CYBB	A0273	c.442C>T	442	442	C	substitution
CYBB	A0869	c.448G>T	448	448	G	substitution
CYBB	A0870	c.450_451delAA	450	451	AA	deletion
CYBB	A0124	c.456T>A	456	456	T	substitution
CYBB	A0332	c.455_456delAT	455	456	AT	deletion
CYBB	A0871	c.458T>G	458	458	T	substitution
CYBB	A0873	c.461delA	461	461	A	deletion
CYBB	A0055	c.466G>A	466	466	G	substitution
CYBB	A0074	c.469C>T	469	469	C	substitution
CYBB	A0311	c.472_475delAAGA	472	475	AAGA	deletion
CYBB	A0888	c.475_481delAGAATAA	475	481	AGAATAA	deletion
CYBB	A0233	c.483G>T	483	483	G	substitution
CYBB	A0179	c.482A>G	482	482	A	substitution
CYBB	A0217	c.517delC	517	517	C	deletion
CYBB	A0903	c.536G>A	536	536	G	substitution
CYBB	A0375	c.535G>A	535	535	G	substitution
CYBB	A0901	c.535G>T	535	535	G	substitution
CYBB	A0904	c.548_559delCGCTGTGCCTCA	548	559	CGCTGTGCCTCA	deletion
CYBB	A0905	c.553T>C	553	553	T	substitution
CYBB	A0182	c.555C>A	555	555	C	substitution
CYBB	A0218	c.554delG	554	554	G	deletion
CYBB	A0907	c.559_567delATATTAATT	559	567	ATATTAATT	deletion
CYBB	A0309	c.565_568delATTA	565	568	ATTA	deletion
CYBB	A0466	c.578C>T	578	578	C	substitution
CYBB	A0627	c.577T>C	577	577	T	substitution
CYBB	A0915	c.592delC	592	592	C	deletion
CYBB	A0320	c.595delA	595	595	A	deletion
CYBB	A0917	c.603C>G	603	603	C	substitution
CYBB	A0333	c.603delC	603	603	C	deletion
CYBB	A0278	c.607G>T	607	607	G	substitution
CYBB	A0060	c.613T>A	613	613	T	substitution
CYBB	A0920	c.614_632delTTTGGTACACACATCATCT	614	632	TTTGGTACACACATCATCT	deletion
CYBB	A0921	c.618G>A	618	618	G	substitution
CYBB	A0012	c.621C>A	621	621	C	substitution
CYBB	A0125	c.627T>A	627	627	T	substitution
CYBB	A0386	c.626A>G	626	626	A	substitution
CYBB	A0006	c.625C>T	625	625	C	substitution
CYBB	A0211	c.625_626delCA	625	626	CA	deletion
CYBB	A0925	c.632T>C	632	632	T	substitution
CYBB	A0926	c.632T>G	632	632	T	substitution
CYBB	A0927	c.636delT	636	636	T	deletion
CYBB	A0010	c.646_648delTTC	646	648	TTC	deletion
CYBB	A0931	c.665A>T	665	665	A	substitution
CYBB	A0390	c.664C>A	664	664	C	substitution
CYBB	A0250	c.665A>G	665	665	A	substitution
CYBB	A0394	c.664C>T	664	664	C	substitution
CYBB	A0932	c.667G>T	667	667	G	substitution
CYBB	A0351	c.671C>G	671	671	C	substitution
CYBB	A0933	c.674A>T	674	674	A	substitution
CYBB	A0132	c.676C>T	676	676	C	substitution
CYBB	A0421	c.691C>T	691	691	C	substitution
CYBB	A0607	c.700G>T	700	700	G	substitution
CYBB	A0120	c.703_704delAG	703	704	AG	deletion
CYBB	A0628	c.713delT	713	713	T	deletion
CYBB	A0117	c.716_720delATAAT	716	720	ATAAT	deletion
CYBB	A0359	c.730T>G	730	730	T	substitution
CYBB	A0171	c.730T>C	730	730	T	substitution
CYBB	A0251	c.731G>C	731	731	G	substitution
CYBB	A1005	c.730T>A	730	730	T	substitution
CYBB	A0252	c.731G>A	731	731	G	substitution
CYBB	A1009	c.732T>A	732	732	T	substitution
CYBB	A1010	c.733G>T	733	733	G	substitution
CYBB	A0122	c.736C>T	736	736	C	substitution
CYBB	A0285	c.752G>A	752	752	G	substitution
CYBB	A1031	c.754G>T	754	754	G	substitution
CYBB	A0219	c.755delG	755	755	G	deletion
CYBB	A1034	c.755_756delGA	755	756	GA	deletion
CYBB	A1035	c.769T>C	769	769	T	substitution
CYBB	A0360	c.771C>A	771	771	C	substitution
CYBB	A1037	c.771delC	771	771	C	deletion
CYBB	A1039	c.779C>G	779	779	C	substitution
CYBB	A0020	c.781C>T	781	781	C	substitution
CYBB	A0001	c.781_782delCA	781	782	CA	deletion
CYBB	A0582	c.788delC	788	788	C	deletion
CYBB	A0316	c.797delC	797	797	C	deletion
CYBB	A0624	c.810G>A	810	810	G	substitution
CYBB	A1053	c.811A>T	811	811	A	substitution
CYBB	A0047	c.816G>A	816	816	G	substitution
CYBB	A1054	c.831_853delGTTTCTGTATCTCTGTGAGAGGT	831	853	GTTTCTGTATCTCTGTGAGAGGT	deletion
CYBB	A1055	c.840T>A	840	840	T	substitution
CYBB	A0536	c.844_874del	844	874		deletion
CYBB	A0542	c.867G>A	867	867	G	substitution
CYBB	A0045	c.868C>T	868	868	C	substitution
CYBB	A0321	c.870_879delATCTCAACAG	870	879	ATCTCAACAG	deletion
CYBB	A0310	c.890_904delTCACCAAGGTGGTCA	890	904	TCACCAAGGTGGTCA	deletion
CYBB	A1079	c.894delC	894	894	C	deletion
CYBB	A1081	c.897G>A	897	897	G	substitution
CYBB	A0402	c.897G>T	897	897	G	substitution
CYBB	A1088	c.904A>C	904	904	A	substitution
CYBB	A1089	c.906_909delTCAC	906	909	TCAC	deletion
CYBB	A1091	c.909C>A	909	909	C	substitution
CYBB	A1090	c.907C>T	907	907	C	substitution
CYBB	A1436	c.911C>A	911	911	C	substitution
CYBB	A1098	c.911C>T	911	911	C	substitution
CYBB	A0558	c.915delC	915	915	C	deletion
CYBB	A0290	c.916A>T	916	916	A	substitution
CYBB	A0469	c.919A>C	919	919	A	substitution
CYBB	A0221	c.919delA	919	919	A	deletion
CYBB	A0101	c.925G>A	925	925	G	substitution
CYBB	A1109	c.925G>T	925	925	G	substitution
CYBB	A1111	c.929T>C	929	929	T	substitution
CYBB	A1112	c.931delC	931	931	C	deletion
CYBB	A0629	c.935T>A	935	935	T	substitution
CYBB	A0253	c.935T>G	935	935	T	substitution
CYBB	A0163	c.943_945delAAG	943	945	AAG	deletion
CYBB	A0222	c.948delG	948	948	G	deletion
CYBB	A0569	c.958G>T	958	958	G	substitution
CYBB	A0306	c.960delA	960	960	A	deletion
CYBB	A1115	c.958delG	958	958	G	deletion
CYBB	A0377	c.965G>A	965	965	G	substitution
CYBB	A0118	c.965delG	965	965	G	deletion
CYBB	A0067	c.967C>T	967	967	C	substitution
CYBB	A1118	c.972C>A	972	972	C	substitution
CYBB	A0401	c.973A>T	973	973	A	substitution
CYBB	A0584	c.979delG	979	979	G	deletion
CYBB	A1119	c.981_985delCAAGT	981	985	CAAGT	deletion
CYBB	A1120	c.985T>C	985	985	T	substitution
CYBB	A0571	c.994delG	994	994	G	deletion
CYBB	A0200	c.997T>C	997	997	T	substitution
CYBB	A1432	c.998C>C	998	998	C	substitution
CYBB	A0087	c.1006G>T	1006	1006	G	substitution
CYBB	A0292	c.1010G>A	1010	1010	G	substitution
CYBB	A1125	c.1011G>A	1011	1011	G	substitution
CYBB	A0396	c.1012C>A	1012	1012	C	substitution
CYBB	A1134	c.1014C>A	1014	1014	C	substitution
CYBB	A1130	c.1013A>G	1013	1013	A	substitution
CYBB	A0014	c.1012C>T	1012	1012	C	substitution
CYBB	A0070	c.1016C>A	1016	1016	C	substitution
CYBB	A1146	c.1016C>T	1016	1016	C	substitution
CYBB	A0317	c.1016delC	1016	1016	C	deletion
CYBB	A0470	c.1022C>T	1022	1022	C	substitution
CYBB	A0255	c.1022C>A	1022	1022	C	substitution
CYBB	A0064	c.1025T>A	1025	1025	T	substitution
CYBB	A0471	c.1041A>C	1041	1041	A	substitution
CYBB	A1149	c.1027A>C	1027	1027	A	substitution
CYBB	A0467	c.1031C>T	1031	1031	C	substitution
CYBB	A1150	c.1030T>C	1030	1030	T	substitution
CYBB	A0324	c.1032delC	1032	1032	C	deletion
CYBB	A0129	c.1038delT	1038	1038	T	deletion
CYBB	A1158	c.1061A>C	1061	1061	A	substitution
CYBB	A0399	c.1061A>G	1061	1061	A	substitution
CYBB	A0207	c.1062_1071delTATCCGCATC	1062	1071	TATCCGCATC	deletion
CYBB	A1161	c.1063_1070delATCCGCAT	1063	1070	ATCCGCAT	deletion
CYBB	A1160	c.1063delA	1063	1063	A	deletion
CYBB	A0454	c.1067G>C	1067	1067	G	substitution
CYBB	A0611	c.1076G>C	1076	1076	G	substitution
CYBB	A0056	c.1075G>A	1075	1075	G	substitution
CYBB	A0379	c.1076G>T	1076	1076	G	substitution
CYBB	A1164	c.1081T>C	1081	1081	T	substitution
CYBB	A0484	c.1083G>A	1083	1083	G	substitution
CYBB	A1167	c.1082G>A	1082	1082	G	substitution
CYBB	A1170	c.1085C>T	1085	1085	C	substitution
CYBB	A1173	c.1085C>G	1085	1085	C	substitution
CYBB	A0405	c.1094T>C	1094	1094	T	substitution
CYBB	A1176	c.1095delG	1095	1095	G	deletion
CYBB	A0257	c.1105T>C	1105	1105	T	substitution
CYBB	A1177	c.1120C>T	1120	1120	C	substitution
CYBB	A0610	c.1123G>T	1123	1123	G	substitution
CYBB	A0293	c.1129C>T	1129	1129	C	substitution
CYBB	A0086	c.1139G>A	1139	1139	G	substitution
CYBB	A1183	c.1140G>A	1140	1140	G	substitution
CYBB	A0315	c.1147_1150delCCTA	1147	1150	CCTA	deletion
CYBB	A1202	c.1154T>G	1154	1154	T	substitution
CYBB	A1203	c.1163delA	1163	1163	A	deletion
CYBB	A0004	c.1166G>C	1166	1166	G	substitution
CYBB	A0380	c.1166G>A	1166	1166	G	substitution
CYBB	A1204	c.1165G>A	1165	1165	G	substitution
CYBB	A1206	c.1166G>T	1166	1166	G	substitution
CYBB	A1208	c.1167delG	1167	1167	G	deletion
CYBB	A0258	c.1169C>T	1169	1169	C	substitution
CYBB	A1210	c.1177delA	1177	1177	A	deletion
CYBB	A1211	c.1186_1195delGAAGATGTGT	1186	1195	GAAGATGTGT	deletion
CYBB	A0213	c.1190_1191delAT	1190	1191	AT	deletion
CYBB	A1422	c.1221G>A	1221	1221	G	substitution
CYBB	A0013	c.1223G>A	1223	1223	G	substitution
CYBB	A0157	c.1222G>A	1222	1222	G	substitution
CYBB	A1213	c.1222G>C	1222	1222	G	substitution
CYBB	A1217	c.1235G>A	1235	1235	G	substitution
CYBB	A1214	c.1234G>A	1234	1234	G	substitution
CYBB	A1215	c.1234G>C	1234	1234	G	substitution
CYBB	A0048	c.1244C>A	1244	1244	C	substitution
CYBB	A0112	c.1244C>T	1244	1244	C	substitution
CYBB	A0419	c.1244C>G	1244	1244	C	substitution
CYBB	A1222	c.1253C>A	1253	1253	C	substitution
CYBB	A0406	c.1259T>C	1259	1259	T	substitution
CYBB	A0202	c.1264T>C	1264	1264	T	substitution
CYBB	A1223	c.1265C>A	1265	1265	C	substitution
CYBB	A1224	c.1265_1273delCAGTCTGGT	1265	1273	CAGTCTGGT	deletion
CYBB	A0622	c.1272G>A	1272	1272	G	substitution
CYBB	A1225	c.1271G>A	1271	1271	G	substitution
CYBB	A0330	c.1272delG	1272	1272	G	deletion
CYBB	A0496	c.1275C>G	1275	1275	C	substitution
CYBB	A1228	c.1281T>G	1281	1281	T	substitution
CYBB	A0598	c.1284C>A	1284	1284	C	substitution
CYBB	A1229	c.1294delA	1294	1294	A	deletion
CYBB	A0403	c.1309A>T	1309	1309	A	substitution
CYBB	A0053	c.1313delA	1313	1313	A	deletion
CYBB	A1232	c.1314delG	1314	1314	G	deletion
CYBB	A0081	c.1315delA	1315	1315	A	deletion
CYBB	A0151	c.1320C>A	1320	1320	C	substitution
CYBB	A1240	c.1320C>G	1320	1320	C	substitution
CYBB	A0589	c.1326C>G	1326	1326	C	substitution
CYBB	A0168	c.1329G>A	1329	1329	G	substitution
CYBB	A0630	c.1327delT	1327	1327	T	deletion
CYBB	A0605	c.1333T>C	1333	1333	T	substitution
CYBB	A0361	c.1335C>A	1335	1335	C	substitution
CYBB	A1243	c.1340delA	1340	1340	A	deletion
CYBB	A0308	c.1348_1352delGCCTT	1348	1352	GCCTT	deletion
CYBB	A0192	c.1350delC	1350	1350	C	deletion
CYBB	A0373	c.1354G>T	1354	1354	G	substitution
CYBB	A0486	c.1357T>C	1357	1357	T	substitution
CYBB	A0613	c.1357T>A	1357	1357	T	substitution
CYBB	A0488	c.1358G>A	1358	1358	G	substitution
CYBB	A0489	c.1359G>A	1359	1359	G	substitution
CYBB	A1246	c.1357_1358delTG	1357	1358	TG	deletion
CYBB	A1249	c.1363_1375delGCAGATCTGCTGC	1363	1375	GCAGATCTGCTGC	deletion
CYBB	A1250	c.1375C>T	1375	1375	C	substitution
CYBB	A1435	c.1375delC	1375	1375	C	deletion
CYBB	A1251	c.1382delT	1382	1382	T	deletion
CYBB	A0374	c.1384G>T	1384	1384	G	substitution
CYBB	A0426	c.1396C>T	1396	1396	C	substitution
CYBB	A1254	c.1399G>T	1399	1399	G	substitution
CYBB	A0092	c.1415delG	1415	1415	G	deletion
CYBB	A1257	c.1421T>G	1421	1421	T	substitution
CYBB	A0071	c.1428C>A	1428	1428	C	substitution
CYBB	A0631	c.1437C>A	1437	1437	C	substitution
CYBB	A1260	c.1441A>C	1441	1441	A	substitution
CYBB	A0294	c.1449G>A	1449	1449	G	substitution
CYBB	A1261	c.1448G>A	1448	1448	G	substitution
CYBB	A0331	c.1447_1459delTGGGATGAGTCTC	1447	1459	TGGGATGAGTCTC	deletion
CYBB	A0165	c.1455delG	1455	1455	G	deletion
CYBB	A1417	c.1463C>A	1463	1463	C	substitution
CYBB	A0114	c.1464delC	1464	1464	C	deletion
CYBB	A1272	c.1484A>C	1484	1484	A	substitution
CYBB	A1274	c.1488_1490delTGA	1488	1490	TGA	deletion
CYBB	A0312	c.1497delA	1497	1497	A	deletion
CYBB	A1280	c.1500T>G	1500	1500	T	substitution
CYBB	A0019	c.1499A>G	1499	1499	A	substitution
CYBB	A0632	c.1498G>C	1498	1498	G	substitution
CYBB	A0366	c.1498G>A	1498	1498	G	substitution
CYBB	A0367	c.1498G>T	1498	1498	G	substitution
CYBB	A1281	c.1509delA	1509	1509	A	deletion
CYBB	A0407	c.1514T>C	1514	1514	T	substitution
CYBB	A0408	c.1514T>G	1514	1514	T	substitution
CYBB	A1285	c.1515_1525delGAAACAAAAGA	1515	1525	GAAACAAAAGA	deletion
CYBB	A0116	c.1519C>T	1519	1519	C	substitution
CYBB	A0313	c.1522_1523delAA	1522	1523	AA	deletion
CYBB	A1291	c.1524_1527delGACT	1524	1527	GACT	deletion
CYBB	A0314	c.1523delA	1523	1523	A	deletion
CYBB	A0143	c.1528_1529delTT	1528	1529	TT	deletion
CYBB	A1294	c.1533T>A	1533	1533	T	substitution
CYBB	A1428	c.1534G>A	1534	1534	G	substitution
CYBB	A0094	c.1548G>T	1548	1548	G	substitution
CYBB	A0494	c.1546T>C	1546	1546	T	substitution
CYBB	A1295	c.1546T>A	1546	1546	T	substitution
CYBB	A0295	c.1548G>A	1548	1548	G	substitution
CYBB	A0570	c.1547G>A	1547	1547	G	substitution
CYBB	A1299	c.1549delG	1549	1549	G	deletion
CYBB	A0059	c.1555G>T	1555	1555	G	substitution
CYBB	A0025	c.1561A>T	1561	1561	A	substitution
CYBB	A0326	c.1565delC	1565	1565	C	deletion
CYBB	A1301	c.1571C>T	1571	1571	C	substitution
CYBB	A0319	c.1578delA	1578	1578	A	deletion
CYBB	A1308	c.1598_1600delGAG	1598	1600	GAG	deletion
CYBB	A0147	c.1601T>A	1601	1601	T	substitution
CYBB	A0329	c.1600_1614delGTTTTCCTCTGTGGA	1600	1614	GTTTTCCTCTGTGGA	deletion
CYBB	A1310	c.1603_1609delTTCCTCT	1603	1609	TTCCTCT	deletion
CYBB	A0199	c.1609T>C	1609	1609	T	substitution
CYBB	A1311	c.1611_1612delTG	1611	1612	TG	deletion
CYBB	A0537	c.1618delG	1618	1618	G	deletion
CYBB	A0082	c.1625T>C	1625	1625	T	substitution
CYBB	A0409	c.1637T>C	1637	1637	T	substitution
CYBB	A1314	c.1637T>G	1637	1637	T	substitution
CYBB	A1315	c.1642A>T	1642	1642	A	substitution
CYBB	A0297	c.1645C>T	1645	1645	C	substitution
CYBB	A1316	c.1658delA	1658	1658	A	deletion
CYBB	A1317	c.1661_1662delCT	1661	1662	CT	deletion
CYBB	A1322	c.1678G>T	1678	1678	G	substitution
CYBB	A0307	c.1679delG	1679	1679	G	deletion
CYBB	A0155	c.1682_1712del	1682	1712		deletion
CYBB	A0259	c.1702G>A	1702	1702	G	substitution
DKC1	D0006	c.113T>C	113	113	T	substitution
DKC1	D0003	c.146C>T	146	146	C	substitution
DKC1	D0010	c.214C>T	214	214	C	substitution
DKC1	D0001	c.361A>G	361	361	A	substitution
DKC1	D0005	c.1058C>T	1058	1058	C	substitution
ELA2	E0109	c.1A>G	1	1	A	substitution
ELA2	E0110	c.125C>T	125	125	C	substitution
ELA2	E0111	c.129C>A	129	129	C	substitution
ELA2	E0112	c.137C>T	137	137	C	substitution
ELA2	E0113	c.140T>C	140	140	T	substitution
ELA2	E0114	c.158A>T	158	158	A	substitution
ELA2	E0095	c.164G>A	164	164	G	substitution
ELA2	E0071	c.169G>A	169	169	G	substitution
ELA2	E0072	c.179T>C	179	179	T	substitution
ELA2	E0001	c.182C>T	182	182	C	substitution
ELA2	E0103	c.211T>C	211	211	T	substitution
ELA2	E0073	c.211T>A	211	211	T	substitution
ELA2	E0115	c.242G>C	242	242	G	substitution
ELA2	E0116	c.244G>A	244	244	G	substitution
ELA2	E0117	c.251T>C	251	251	T	substitution
ELA2	E0096	c.254G>A	254	254	G	substitution
ELA2	E0074	c.301G>A	301	301	G	substitution
ELA2	E0118	c.362T>C	362	362	T	substitution
ELA2	E0076	c.377C>T	377	377	C	substitution
ELA2	E0120	c.379G>C	379	379	G	substitution
ELA2	E0077	c.416C>T	416	416	C	substitution
ELA2	E0100	c.451T>A	451	451	T	substitution
ELA2	E0104	c.452G>A	452	452	G	substitution
ELA2	E0122	c.455T>C	455	455	T	substitution
ELA2	E0081	c.520_543delGTGACGGTGGTGACGTCCCTCTGC	520	543	GTGACGGTGGTGACGTCCCTCTGC	deletion
ELA2	E0101	c.614C>G	614	614	C	substitution
ELA2	E0010	c.618G>T	618	618	G	substitution
ELA2	E0082	c.629G>T	629	629	G	substitution
ELA2	E0083	c.640G>A	640	640	G	substitution
ELA2	E0126	c.655G>A	655	655	G	substitution
ELA2	E0020	c.659G>A	659	659	G	substitution
ELA2	E0084	c.661G>T	661	661	G	substitution
ELA2	E0127	c.669C>A	669	669	C	substitution
ELA2	E0085	c.674C>A	674	674	C	substitution
ELA2	E0086	c.684C>A	684	684	C	substitution
ELA2	E0128	c.688delG	688	688	G	deletion
ELA2	E0135	c.697G>C	697	697	G	substitution
ELA2	E0102	c.770C>T	770	770	C	substitution
ELA2	E0129	c.785C>T	785	785	C	substitution
ELA2	E0068	c.558C>A	558	558	C	substitution
FASLG	T0001	c.629_712del	629	712		deletion
FASLG	T0002	c.740C>A	740	740	C	substitution
FCGR1A	F0001	c.274C>T	274	274	C	substitution
FCGR3A	F0001	c.197T>A	197	197	T	substitution
FERMT3	F0019	c.48G>A	48	48	G	substitution
FERMT3	F0014	c.687G>A	687	687	G	substitution
FERMT3	F0001	c.1525C>T	1525	1525	C	substitution
FERMT3	F0013	c.1717C>T	1717	1717	C	substitution
FOXN1	W0001	c.792C>T	792	792	C	substitution
FOXP3	F0015	c.3G>A	3	3	G	substitution
FOXP3	F0036	c.2T>C	2	2	T	substitution
FOXP3	F0007	c.227delT	227	227	T	deletion
FOXP3	F0016	c.303_304delTT	303	304	TT	deletion
FOXP3	F0038	c.543C>T	543	543	C	substitution
FOXP3	F0026	c.560C>T	560	560	C	substitution
FOXP3	F0046	c.725T>C	725	725	T	substitution
FOXP3	F0010	c.748_750delAAG	748	750	AAG	deletion
FOXP3	F0028	c.751_753delGAG	751	753	GAG	deletion
FOXP3	F0014	c.970T>C	970	970	T	substitution
FOXP3	F0033	c.1010G>A	1010	1010	G	substitution
FOXP3	F0035	c.1015C>G	1015	1015	C	substitution
FOXP3	F0009	c.1040G>A	1040	1040	G	substitution
FOXP3	F0008	c.1087A>G	1087	1087	A	substitution
FOXP3	F0020	c.1099T>C	1099	1099	T	substitution
FOXP3	F0025	c.1101C>G	1101	1101	C	substitution
FOXP3	F0024	c.1112T>G	1112	1112	T	substitution
FOXP3	F0019	c.1117T>G	1117	1117	T	substitution
FOXP3	F0027	c.1121T>G	1121	1121	T	substitution
FOXP3	F0023	c.1139C>T	1139	1139	C	substitution
FOXP3	F0001	c.1150G>A	1150	1150	G	substitution
FOXP3	F0004	c.1189C>T	1189	1189	C	substitution
FOXP3	F0030	c.1222G>A	1222	1222	G	substitution
FOXP3	F0003	c.1293_1294delCT	1293	1294	CT	deletion
G6PC3	G0007	c.141C>G	141	141	C	substitution
G6PC3	G0012	c.144C>A	144	144	C	substitution
G6PC3	G0015	c.347T>A	347	347	T	substitution
G6PC3	G0021	c.346A>G	346	346	A	substitution
G6PC3	G0006	c.554T>C	554	554	T	substitution
G6PC3	G0001	c.758G>A	758	758	G	substitution
G6PC3	G0016	c.779G>A	779	779	G	substitution
G6PC3	G0010	c.778G>C	778	778	G	substitution
G6PC3	G0008	c.784G>C	784	784	G	substitution
G6PC3	G0009	c.829C>T	829	829	C	substitution
GFI1	G0005	c.107G>A	107	107	G	substitution
GFI1	G0001	c.1145A>G	1145	1145	A	substitution
GFI1	G0004	c.1208A>G	1208	1208	A	substitution
HAX1	H0031	c.91delG	91	91	G	deletion
HAX1	H0031	c.568C>T	568	568	C	substitution
HAX1	H0024	c.180delA	180	180	A	deletion
HAX1	H0014	c.256C>T	256	256	C	substitution
HAX1	H0026	c.368_381delAGACACTTCGGGAC	368	381	AGACACTTCGGGAC	deletion
HAX1	H0034	c.389T>G	389	389	T	substitution
HAX1	H0038	c.431T>G	431	431	T	substitution
HAX1	H0035	c.409C>T	409	409	C	substitution
HAX1	H0032	c.421T>C	421	421	T	substitution
HAX1	H0039	c.514G>A	514	514	G	substitution
ICOS	I0010	c.285delT	285	285	T	deletion
IFNGR1	I0070	c.2T>A	2	2	T	substitution
IFNGR1	I0008	c.22delC	22	22	C	deletion
IFNGR1	I0056	c.197A>G	197	197	A	substitution
IFNGR1	I0054	c.168delC	168	168	C	deletion
IFNGR1	I0068	c.254G>A	254	254	G	substitution
IFNGR1	I0051	c.523delT	523	523	T	deletion
IFNGR1	I0004	c.131delC	131	131	C	deletion
IFNGR1	I0013	c.182T>A	182	182	T	substitution
IFNGR1	I0013	c.653_655delAAG	653	655	AAG	deletion
IFNGR1	I0042	c.188T>G	188	188	T	substitution
IFNGR1	I0011	c.230G>A	230	230	G	substitution
IFNGR1	I0005	c.260T>C	260	260	T	substitution
IFNGR1	I0010	c.295_306delTGGGTCAGAGTT	295	306	TGGGTCAGAGTT	deletion
IFNGR1	I0001	c.347C>A	347	347	C	substitution
IFNGR1	I0014	c.561_564delACTC	561	564	ACTC	deletion
IFNGR1	I0067	c.774_777delTCTA	774	777	TCTA	deletion
IFNGR1	I0045	c.811_814delAAGA	811	814	AAGA	deletion
IFNGR1	I0017	c.818_821delTTAA	818	821	TTAA	deletion
IFNGR1	I0025	c.818delT	818	818	T	deletion
IFNGR1	I0043	c.832G>T	832	832	G	substitution
IFNGR1	I0074	c.1400T>C	1400	1400	T	substitution
IFNGR2	I0001	c.278_279delAG	278	279	AG	deletion
IFNGR2	I0002	c.340C>T	340	340	C	substitution
IFNGR2	I0006	c.503C>A	503	503	C	substitution
IFNGR2	I0005	c.663_689delTAACATCTTTAGAGTCGGGCATTTAAG	663	689	TAACATCTTTAGAGTCGGGCATTTAAG	deletion
IFNGR2	I0003	c.791delG	791	791	G	deletion
IGLL1	G0001	c.182C>T	182	182	C	substitution
IGLL1	G0001	c.543C>T	543	543	C	substitution
IKBKG	I0040	c.40G>T	40	40	G	substitution
IKBKG	I0041	c.169G>A	169	169	G	substitution
IKBKG	I0044	c.184C>T	184	184	C	substitution
IKBKG	I0024	c.239T>C	239	239	T	substitution
IKBKG	I0042	c.266_268delAGA	266	268	AGA	deletion
IKBKG	I0052	c.337G>A	337	337	G	substitution
IKBKG	I0043	c.367C>T	367	367	C	substitution
IKBKG	I0001	c.643T>G	643	643	T	substitution
IKBKG	I0039	c.517C>G	517	517	C	substitution
IKBKG	I0008	c.709G>C	709	709	G	substitution
IKBKG	I0076	c.549G>C	549	549	G	substitution
IKBKG	I0013	c.865T>C	865	865	T	substitution
IKBKG	I0045	c.715C>T	715	715	C	substitution
IKBKG	I0055	c.718G>T	718	718	G	substitution
IKBKG	I0023	c.811_828delGAGGAGGCCCTGGTGGCC	811	828	GAGGAGGCCCTGGTGGCC	deletion
IKBKG	I0010	c.1048C>G	1048	1048	C	substitution
IKBKG	I0033	c.944A>C	944	944	A	substitution
IKBKG	I0037	c.956G>A	956	956	G	substitution
IKBKG	I0050	c.967G>C	967	967	G	substitution
IKBKG	I0065	c.994C>T	994	994	C	substitution
IKBKG	I0056	c.1075C>T	1075	1075	C	substitution
IKBKG	I0048	c.1077delC	1077	1077	C	deletion
IKBKG	I0049	c.1115delT	1115	1115	T	deletion
IKBKG	I0046	c.1150C>T	1150	1150	C	substitution
IKBKG	I0015	c.1356G>T	1356	1356	G	substitution
IKBKG	I0002	c.1392C>T	1392	1392	C	substitution
IKBKG	I0004	c.1402A>T	1402	1402	A	substitution
IKBKG	I0009	c.1435G>T	1435	1435	G	substitution
IKBKG	I0003	c.1434T>C	1434	1434	T	substitution
IKBKG	I0020	c.1250G>A	1250	1250	G	substitution
IKBKG	I0005	c.1444A>G	1444	1444	A	substitution
IKBKG	I0032	c.1259A>G	1259	1259	A	substitution
IL12B	I0012	c.297_304delTTCGCTCC	297	304	TTCGCTCC	deletion
IL12B	I0001	c.482_854del	482	854		deletion
IL12RB1	I0001	c.94C>T	94	94	C	substitution
IL12RB1	I0036	c.230T>C	230	230	T	substitution
IL12RB1	I0035	c.512A>C	512	512	A	substitution
IL12RB1	I0002	c.518G>C	518	518	G	substitution
IL12RB1	I0049	c.592T>C	592	592	T	substitution
IL12RB1	I0050	c.632G>C	632	632	G	substitution
IL12RB1	I0006	c.637C>T	637	637	C	substitution
IL12RB1	I0004	c.913A>T	913	913	A	substitution
IL12RB1	I0019	c.962C>A	962	962	C	substitution
IL12RB1	I0010	c.1100A>G	1100	1100	A	substitution
IL12RB1	I0005	c.1126C>T	1126	1126	C	substitution
IL12RB1	I0055	c.1456C>T	1456	1456	C	substitution
IL12RB1	I0051	c.410_549del	410	549		deletion
IL2RA	I0001	c.61_64delGCAG	61	64	GCAG	deletion
IL2RA	I0002	c.301C>T	301	301	C	substitution
IL7R	I0010	c.375G>A	375	375	G	substitution
IL7R	I0001	c.416C>T	416	416	C	substitution
IL7R	I0009	c.616C>T	616	616	C	substitution
IL7R	I0004	c.673G>A	673	673	G	substitution
IRAK4	I0015	c.1172G>A	1172	1172	G	substitution
IRAK4	I0023	c.144C>G	144	144	C	substitution
IRAK4	I0023	c.631delG	631	631	G	deletion
IRAK4	I0005	c.524delA	524	524	A	deletion
IRAK4	I0004	c.620_621delAC	620	621	AC	deletion
IRAK4	I0004	c.877C>T	877	877	C	substitution
IRAK4	I0001	c.821delT	821	821	T	deletion
IRAK4	I0009	c.1204G>T	1204	1204	G	substitution
ITGB2	A0016	c.2142delT	2142	2142	T	deletion
ITGB2	A0009	c.1777C>T	1777	1777	C	substitution
ITGB2	A0013	c.850G>A	850	850	G	substitution
ITGB2	A0043	c.1497delG	1497	1497	G	deletion
ITGB2	A0042	c.1920delG	1920	1920	G	deletion
ITGB2	A0040	c.1622_1657del	1622	1657		deletion
ITGB2	A0040	c.2200G>T	2200	2200	G	substitution
JAK3	J0023	c.1A>G	1	1	A	substitution
JAK3	J0028	c.108delG	108	108	G	deletion
JAK3	J0025	c.171_173delTGC	171	173	TGC	deletion
JAK3	J0025	c.507C>A	507	507	C	substitution
JAK3	J0016	c.172G>C	172	172	G	substitution
JAK3	J0016	c.3072delC	3072	3072	C	deletion
JAK3	J0001	c.299A>G	299	299	A	substitution
JAK3	J0009	c.452C>G	452	452	C	substitution
JAK3	J0034	c.874T>G	874	874	T	substitution
JAK3	J0003	c.1695C>A	1695	1695	C	substitution
JAK3	J0010	c.1333C>T	1333	1333	C	substitution
JAK3	J0005	c.2275T>C	2275	2275	T	substitution
JAK3	J0004	c.1442A>G	1442	1442	A	substitution
JAK3	J0004	c.1442_1786del	1442	1786		deletion
JAK3	J0030	c.1568G>A	1568	1568	G	substitution
JAK3	J0008	c.1744C>T	1744	1744	C	substitution
JAK3	J0026	c.1765G>A	1765	1765	G	substitution
JAK3	J0006	c.1767C>T	1767	1767	C	substitution
JAK3	J0035	c.1796T>G	1796	1796	T	substitution
JAK3	J0035	c.2125T>A	2125	2125	T	substitution
JAK3	J0021	c.1951C>T	1951	1951	C	substitution
JAK3	J0018	c.2080G>A	2080	2080	G	substitution
JAK3	J0017	c.2065C>T	2065	2065	C	substitution
JAK3	J0031	c.2120A>C	2120	2120	A	substitution
JAK3	J0031	c.2867T>G	2867	2867	T	substitution
JAK3	J0012	c.2164G>A	2164	2164	G	substitution
JAK3	J0019	c.2296C>T	2296	2296	C	substitution
JAK3	J0022	c.2311C>T	2311	2311	C	substitution
JAK3	J0013	c.2729T>C	2729	2729	T	substitution
JAK3	J0013	c.3069C>A	3069	3069	C	substitution
JAK3	J0029	c.2787delT	2787	2787	T	deletion
JAK3	J0007	c.1442_1446delAAAAG	1442	1446	AAAAG	deletion
JAK3	J0020	c.2092G>T	2092	2092	G	substitution
JAK3	J0002	c.2200_2350del	2200	2350		deletion
LIG1	L0001	c.1696G>A	1696	1696	G	substitution
LIG1	L0001	c.2311C>T	2311	2311	C	substitution
LIG4	L0012	c.745A>G	745	745	A	substitution
LIG4	L0012	c.1270_1274delAAAAG	1270	1274	AAAAG	deletion
LIG4	L0009	c.833G>A	833	833	G	substitution
LIG4	L0007	c.839A>G	839	839	A	substitution
LIG4	L0007	c.1271_1275delAAAGA	1271	1275	AAAGA	deletion
LIG4	L0010	c.845A>T	845	845	A	substitution
LIG4	L0006	c.1297_1299delCAA	1297	1299	CAA	deletion
LIG4	L0004	c.1406G>A	1406	1406	G	substitution
LIG4	L0004	c.2440C>T	2440	2440	C	substitution
LIG4	L0001	c.1738C>T	1738	1738	C	substitution
LYST	C0004	c.337C>T	337	337	C	substitution
LYST	C0007	c.1656delG	1656	1656	G	deletion
LYST	C0031	c.1540C>T	1540	1540	C	substitution
LYST	C0031	c.9893delT	9893	9893	T	deletion
LYST	C0018	c.2643delA	2643	2643	A	deletion
LYST	C0010	c.2809delT	2809	2809	T	deletion
LYST	C0002	c.3262_3263delAA	3262	3263	AA	deletion
LYST	C0003	c.3274C>T	3274	3274	C	substitution
LYST	C0008	c.3499C>T	3499	3499	C	substitution
LYST	C0036	c.3622C>T	3622	3622	C	substitution
LYST	C0036	c.11002G>T	11002	11002	G	substitution
LYST	C0020	c.4241C>G	4241	4241	C	substitution
LYST	C0023	c.4463delT	4463	4463	T	deletion
LYST	C0023	c.8617G>A	8617	8617	G	substitution
LYST	C0024	c.5250T>A	5250	5250	T	substitution
LYST	C0024	c.4550C>A	4550	4550	C	substitution
LYST	C0025	c.4877G>A	4877	4877	G	substitution
LYST	C0033	c.5004delA	5004	5004	A	deletion
LYST	C0029	c.5506delA	5506	5506	A	deletion
LYST	C0034	c.5519delC	5519	5519	C	deletion
LYST	C0026	c.6185T>A	6185	6185	T	substitution
LYST	C0021	c.6267C>A	6267	6267	C	substitution
LYST	C0013	c.7249_7255delCTATTAG	7249	7255	CTATTAG	deletion
LYST	C0012	c.7744delT	7744	7744	T	deletion
LYST	C0027	c.8772G>A	8772	8772	G	substitution
LYST	C0014	c.9295_9349del	9295	9349		deletion
LYST	C0006	c.9779delA	9779	9779	A	deletion
LYST	C0035	c.9590delA	9590	9590	A	deletion
LYST	C0017	c.10584delA	10584	10584	A	deletion
LYST	C0038	c.4000T>G	4000	4000	T	substitution
MAPBPIP	M0001	c.401C>A	401	401	C	substitution
MASP2	M0001	c.359A>G	359	359	A	substitution
MLPH	M0001	c.103C>T	103	103	C	substitution
MPO	M0030	c.325delA	325	325	A	deletion
MPO	M0019	c.518A>G	518	518	A	substitution
MPO	M0017	c.752T>C	752	752	T	substitution
MPO	M0017	c.1552_1565delCCCATGGAACCCAA	1552	1565	CCCATGGAACCCAA	deletion
MPO	M0032	c.1705C>T	1705	1705	C	substitution
MPO	M0029	c.995C>T	995	995	C	substitution
MPO	M0034	c.1715T>G	1715	1715	T	substitution
MPO	M0038	c.1112A>G	1112	1112	A	substitution
MPO	M0024	c.1495C>T	1495	1495	C	substitution
MPO	M0023	c.1501G>A	1501	1501	G	substitution
MPO	M0039	c.1927T>C	1927	1927	T	substitution
MRE11A	M0003	c.350A>G	350	350	A	substitution
MRE11A	M0003	c.1714C>T	1714	1714	C	substitution
MRE11A	M0018	c.727T>C	727	727	T	substitution
MRE11A	M0007	c.630G>C	630	630	G	substitution
MRE11A	M0005	c.1442C>A	1442	1442	C	substitution
MRE11A	M0001	c.1897C>T	1897	1897	C	substitution
MYO5A	M0002	c.2332C>T	2332	2332	C	substitution
MYO5A	M0001	c.3736C>T	3736	3736	C	substitution
NCF1	N0002	c.514delG	514	514	G	deletion
NCF1	N0002	c.87_88delGT	87	88	GT	deletion
NCF1	N0027	c.283C>T	283	283	C	substitution
NCF1	N0029	c.365T>A	365	365	T	substitution
NCF1	N0033	c.796G>A	796	796	G	substitution
NCF1	N0034	c.137G>A	137	137	G	substitution
NCF1	N0035	c.823delG	823	823	G	deletion
NCF1	N0036	c.586G>A	586	586	G	substitution
NCF1	N0024	c.591G>A	591	591	G	substitution
NCF2	M0015	c.196C>T	196	196	C	substitution
NCF2	M0092	c.1A>G	1	1	A	substitution
NCF2	M0092	c.488_501delTGGAGTGTGTCTGG	488	501	TGGAGTGTGTCTGG	deletion
NCF2	M0091	c.29G>A	29	29	G	substitution
NCF2	M0086	c.125A>G	125	125	A	substitution
NCF2	M0093	c.130G>T	130	130	G	substitution
NCF2	M0023	c.130G>C	130	130	G	substitution
NCF2	M0113	c.158T>A	158	158	T	substitution
NCF2	M0118	c.158T>C	158	158	T	substitution
NCF2	M0009	c.172_174delAAG	172	174	AAG	deletion
NCF2	M0016	c.230G>A	230	230	G	substitution
NCF2	M0016	c.298C>T	298	298	C	substitution
NCF2	M0029	c.229C>T	229	229	C	substitution
NCF2	M0002	c.233G>A	233	233	G	substitution
NCF2	M0030	c.279C>G	279	279	C	substitution
NCF2	M0097	c.287_289delAAG	287	289	AAG	deletion
NCF2	M0045	c.419C>T	419	419	C	substitution
NCF2	M0099	c.305G>C	305	305	G	substitution
NCF2	M0099	c.1026G>A	1026	1026	G	substitution
NCF2	M0001	c.304C>T	304	304	C	substitution
NCF2	M0022	c.323A>T	323	323	A	substitution
NCF2	M0013	c.383C>T	383	383	C	substitution
NCF2	M0115	c.389T>G	389	389	T	substitution
NCF2	M0115	c.550C>T	550	550	C	substitution
NCF2	M0072	c.409T>A	409	409	T	substitution
NCF2	M0088	c.482delA	482	482	A	deletion
NCF2	M0081	c.505C>G	505	505	C	substitution
NCF2	M0052	c.551G>C	551	551	G	substitution
NCF2	M0034	c.574C>T	574	574	C	substitution
NCF2	M0100	c.586_588delAAG	586	588	AAG	deletion
NCF2	M0033	c.605C>T	605	605	C	substitution
NCF2	M0026	c.728delA	728	728	A	deletion
NCF2	M0062	c.799_800delGT	799	800	GT	deletion
NCF2	M0017	c.835_836delAC	835	836	AC	deletion
NCF2	M0083	c.1099C>T	1099	1099	C	substitution
NCF2	M0117	c.1116C>A	1116	1116	C	substitution
NCF2	M0120	c.1120C>T	1120	1120	C	substitution
NCF2	M0005	c.1169_1173delCTAAG	1169	1173	CTAAG	deletion
NCF2	M0055	c.1171_1175delAAGCT	1171	1175	AAGCT	deletion
NCF2	M0019	c.1256A>T	1256	1256	A	substitution
NCF2	M0121	c.1284_1287delCACA	1284	1287	CACA	deletion
NCF2	M0114	c.481A>T	481	481	A	substitution
NFKBIA	N0001	c.95G>T	95	95	G	substitution
NFKBIA	N0002	c.40G>T	40	40	G	substitution
NHEJ1	N0001	c.169C>G	169	169	C	substitution
NHEJ1	N0001	c.367T>C	367	367	T	substitution
NHEJ1	N0003	c.177delG	177	177	G	deletion
NHEJ1	N0010	c.526C>T	526	526	C	substitution
NHEJ1	N0002	c.532C>T	532	532	C	substitution
NP	N0010	c.70C>T	70	70	C	substitution
NP	N0009	c.172C>T	172	172	C	substitution
NP	N0013	c.769C>G	769	769	C	substitution
NP	N0007	c.181G>T	181	181	G	substitution
NP	N0007	c.701G>C	701	701	G	substitution
NP	N0014	c.212G>A	212	212	G	substitution
NP	N0001	c.265G>A	265	265	G	substitution
NP	N0003	c.520G>C	520	520	G	substitution
NP	N0012	c.349G>A	349	349	G	substitution
NP	N0006	c.383A>G	383	383	A	substitution
NP	N0005	c.385_387delATC	385	387	ATC	deletion
NP	N0011	c.467G>C	467	467	G	substitution
NP	N0015	c.475T>G	475	475	T	substitution
NP	N0016	c.487T>C	487	487	T	substitution
NP	N0004	c.569G>T	569	569	G	substitution
NP	N0002	c.575A>G	575	575	A	substitution
NP	N0002	c.730delA	730	730	A	deletion
NRAS	N0003	c.38G>A	38	38	G	substitution
ORAI1	T0001	c.271C>T	271	271	C	substitution
ORAI1	T0004	c.308C>A	308	308	C	substitution
ORAI1	T0004	c.581T>C	581	581	T	substitution
PRF1	P0061	c.3G>A	3	3	G	substitution
PRF1	P0061	c.208G>T	208	208	G	substitution
PRF1	P0097	c.185_195delACACACAAAGG	185	195	ACACACAAAGG	deletion
PRF1	P0032	c.102A>G	102	102	A	substitution
PRF1	P0032	c.1050G>A	1050	1050	G	substitution
PRF1	P0106	c.11G>A	11	11	G	substitution
PRF1	P0001	c.151delT	151	151	T	deletion
PRF1	P0039	c.50delT	50	50	T	deletion
PRF1	P0047	c.1442A>C	1442	1442	A	substitution
PRF1	P0050	c.217T>C	217	217	T	substitution
PRF1	P0054	c.134G>A	134	134	G	substitution
PRF1	P0071	c.658G>A	658	658	G	substitution
PRF1	P0098	c.112G>A	112	112	G	substitution
PRF1	P0041	c.116C>A	116	116	C	substitution
PRF1	P0041	c.445G>A	445	445	G	substitution
PRF1	P0042	c.133G>A	133	133	G	substitution
PRF1	P0042	c.160C>T	160	160	C	substitution
PRF1	P0014	c.249G>A	249	249	G	substitution
PRF1	P0014	c.758C>A	758	758	C	substitution
PRF1	P0060	c.148G>A	148	148	G	substitution
PRF1	P0003	c.291C>T	291	291	C	substitution
PRF1	P0029	c.308delC	308	308	C	deletion
PRF1	P0029	c.1223G>A	1223	1223	G	substitution
PRF1	P0033	c.1191_1192delCT	1191	1192	CT	deletion
PRF1	P0077	c.207delC	207	207	C	deletion
PRF1	P0077	c.1090_1091delCT	1090	1091	CT	deletion
PRF1	P0078	c.1228C>T	1228	1228	C	substitution
PRF1	P0072	c.265C>A	265	265	C	substitution
PRF1	P0062	c.272C>T	272	272	C	substitution
PRF1	P0062	c.1122G>A	1122	1122	G	substitution
PRF1	P0087	c.1262T>G	1262	1262	T	substitution
PRF1	P0118	c.695G>A	695	695	G	substitution
PRF1	P0017	c.384T>C	384	384	T	substitution
PRF1	P0144	c.305G>T	305	305	G	substitution
PRF1	P0109	c.368G>A	368	368	G	substitution
PRF1	P0056	c.895C>T	895	895	C	substitution
PRF1	P0057	c.1081A>T	1081	1081	A	substitution
PRF1	P0099	c.786_801delCCAGGTCAACATAGGC	786	801	CCAGGTCAACATAGGC	deletion
PRF1	P0059	c.449C>A	449	449	C	substitution
PRF1	P0059	c.673C>T	673	673	C	substitution
PRF1	P0045	c.469T>G	469	469	T	substitution
PRF1	P0143	c.503G>A	503	503	G	substitution
PRF1	P0143	c.1349C>T	1349	1349	C	substitution
PRF1	P0114	c.529C>T	529	529	C	substitution
PRF1	P0007	c.649T>G	649	649	T	substitution
PRF1	P0007	c.937G>A	937	937	G	substitution
PRF1	P0037	c.577T>C	577	577	T	substitution
PRF1	P0037	c.1229G>C	1229	1229	G	substitution
PRF1	P0101	c.601C>A	601	601	C	substitution
PRF1	P0101	c.853_855delAAG	853	855	AAG	deletion
PRF1	P0132	c.658G>C	658	658	G	substitution
PRF1	P0019	c.759G>A	759	759	G	substitution
PRF1	P0020	c.763C>T	763	763	C	substitution
PRF1	P0020	c.774C>T	774	774	C	substitution
PRF1	P0049	c.666C>A	666	666	C	substitution
PRF1	P0049	c.1636delC	1636	1636	C	deletion
PRF1	P0043	c.665A>G	665	665	A	substitution
PRF1	P0013	c.772T>A	772	772	T	substitution
PRF1	P0005	c.1387G>A	1387	1387	G	substitution
PRF1	P0021	c.795C>T	795	795	C	substitution
PRF1	P0038	c.694C>T	694	694	C	substitution
PRF1	P0103	c.718C>G	718	718	C	substitution
PRF1	P0138	c.755A>G	755	755	A	substitution
PRF1	P0008	c.856A>G	856	856	A	substitution
PRF1	P0069	c.781G>A	781	781	G	substitution
PRF1	P0064	c.851_862delAGAAGCACAAGA	851	862	AGAAGCACAAGA	deletion
PRF1	P0015	c.954_956delAAG	954	956	AAG	deletion
PRF1	P0088	c.914G>A	914	914	G	substitution
PRF1	P0088	c.1066C>T	1066	1066	C	substitution
PRF1	P0140	c.916G>A	916	916	G	substitution
PRF1	P0141	c.949G>A	949	949	G	substitution
PRF1	P0141	c.1288G>T	1288	1288	G	substitution
PRF1	P0006	c.1135C>T	1135	1135	C	substitution
PRF1	P0026	c.1184delG	1184	1184	G	deletion
PRF1	P0026	c.1592T>A	1592	1592	T	substitution
PRF1	P0034	c.1347C>T	1347	1347	C	substitution
PRF1	P0086	c.1304C>T	1304	1304	C	substitution
PRF1	P0074	c.1376C>T	1376	1376	C	substitution
PRF1	P0139	c.1429C>G	1429	1429	C	substitution
PRF1	P0115	c.1471G>A	1471	1471	G	substitution
PRF1	P0149	c.1568C>A	1568	1568	C	substitution
PRF1	P0104	c.1576delT	1576	1576	T	deletion
PTPRC	P0003	c.153C>A	153	153	C	substitution
PTPRC	P0004	c.171C>G	171	171	C	substitution
PTPRC	P0002	c.1082_1087delATGAGT	1082	1087	ATGAGT	deletion
RAB27A	R0040	c.51_52delCT	51	52	CT	deletion
RAB27A	R0046	c.65A>G	65	65	A	substitution
RAB27A	R0039	c.127G>A	127	127	G	substitution
RAB27A	R0035	c.131T>C	131	131	T	substitution
RAB27A	R0009	c.149delG	149	149	G	deletion
RAB27A	R0013	c.154_343del	154	343		deletion
RAB27A	R0001	c.217T>G	217	217	T	substitution
RAB27A	R0047	c.239G>C	239	239	G	substitution
RAB27A	R0047	c.550C>T	550	550	C	substitution
RAB27A	R0034	c.340delA	340	340	A	deletion
RAB27A	R0024	c.346C>T	346	346	C	substitution
RAB27A	R0025	c.352C>T	352	352	C	substitution
RAB27A	R0002	c.389T>C	389	389	T	substitution
RAB27A	R0008	c.400_401delAA	400	401	AA	deletion
RAB27A	R0003	c.454G>C	454	454	G	substitution
RAB27A	R0006	c.510_514delAAGCC	510	514	AAGCC	deletion
RAB27A	R0029	c.514_518delCAAGC	514	518	CAAGC	deletion
RAB27A	R0038	c.598C>T	598	598	C	substitution
RAC2	R0001	c.169G>A	169	169	G	substitution
RAD50	R0001	c.3277C>T	3277	3277	C	substitution
RAD50	R0001	c.3939A>T	3939	3939	A	substitution
RAG1	R0065	c.254_256delCTA	254	256	CTA	deletion
RAG1	R0065	c.2146C>T	2146	2146	C	substitution
RAG1	R0049	c.256_257delAA	256	257	AA	deletion
RAG1	R0049	c.999T>A	999	999	T	substitution
RAG1	R0066	c.406A>C	406	406	A	substitution
RAG1	R0066	c.575G>A	575	575	G	substitution
RAG1	R0093	c.424C>T	424	424	C	substitution
RAG1	R0093	c.1187G>A	1187	1187	G	substitution
RAG1	R0044	c.519delT	519	519	T	deletion
RAG1	R0064	c.742C>T	742	742	C	substitution
RAG1	R0074	c.765delA	765	765	A	deletion
RAG1	R0074	c.1211G>A	1211	1211	G	substitution
RAG1	R0088	c.940C>T	940	940	C	substitution
RAG1	R0099	c.987delC	987	987	C	deletion
RAG1	R0063	c.1180C>T	1180	1180	C	substitution
RAG1	R0090	c.1186C>T	1186	1186	C	substitution
RAG1	R0090	c.2654T>G	2654	2654	T	substitution
RAG1	R0100	c.1213A>G	1213	1213	A	substitution
RAG1	R0100	c.1871G>A	1871	1871	G	substitution
RAG1	R0076	c.1681C>T	1681	1681	C	substitution
RAG1	R0045	c.1210C>T	1210	1210	C	substitution
RAG1	R0045	c.2623delT	2623	2623	T	deletion
RAG1	R0078	c.1346G>A	1346	1346	G	substitution
RAG1	R0047	c.1421G>A	1421	1421	G	substitution
RAG1	R0047	c.2189G>T	2189	2189	G	substitution
RAG1	R0087	c.1870C>T	1870	1870	C	substitution
RAG1	R0071	c.1420C>A	1420	1420	C	substitution
RAG1	R0071	c.1864G>C	1864	1864	G	substitution
RAG1	R0094	c.1566G>T	1566	1566	G	substitution
RAG1	R0094	c.2917C>T	2917	2917	C	substitution
RAG1	R0052	c.1677G>T	1677	1677	G	substitution
RAG1	R0052	c.2689C>T	2689	2689	C	substitution
RAG1	R0050	c.1682G>A	1682	1682	G	substitution
RAG1	R0057	c.1694G>A	1694	1694	G	substitution
RAG1	R0069	c.1767C>G	1767	1767	C	substitution
RAG1	R0079	c.1806T>G	1806	1806	T	substitution
RAG1	R0095	c.1815G>C	1815	1815	G	substitution
RAG1	R0097	c.1863delG	1863	1863	G	deletion
RAG1	R0097	c.1229G>A	1229	1229	G	substitution
RAG1	R0048	c.2974A>G	2974	2974	A	substitution
RAG1	R0070	c.1947delT	1947	1947	T	deletion
RAG1	R0056	c.2002delC	2002	2002	C	deletion
RAG1	R0104	c.2119G>C	2119	2119	G	substitution
RAG1	R0068	c.2126G>A	2126	2126	G	substitution
RAG1	R0102	c.2182T>C	2182	2182	T	substitution
RAG1	R0042	c.2194C>T	2194	2194	C	substitution
RAG1	R0083	c.2327G>A	2327	2327	G	substitution
RAG1	R0083	c.2935_2937delGCC	2935	2937	GCC	deletion
RAG1	R0077	c.2332C>G	2332	2332	C	substitution
RAG1	R0077	c.2975A>G	2975	2975	A	substitution
RAG1	R0089	c.2333G>A	2333	2333	G	substitution
RAG1	R0089	c.2923C>T	2923	2923	C	substitution
RAG1	R0073	c.2332C>T	2332	2332	C	substitution
RAG1	R0061	c.2521C>T	2521	2521	C	substitution
RAG1	R0055	c.2686T>C	2686	2686	T	substitution
RAG1	R0067	c.2867T>C	2867	2867	T	substitution
RAG1	R0043	c.2918G>A	2918	2918	G	substitution
RAG1	R0060	c.2942A>C	2942	2942	A	substitution
RAG2	S0046	c.1A>G	1	1	A	substitution
RAG2	S0046	c.1403_1406delATCT	1403	1406	ATCT	deletion
RAG2	S0025	c.46C>T	46	46	C	substitution
RAG2	S0031	c.104G>T	104	104	G	substitution
RAG2	S0018	c.115A>G	115	115	A	substitution
RAG2	S0018	c.686G>A	686	686	G	substitution
RAG2	S0044	c.230C>A	230	230	C	substitution
RAG2	S0044	c.1352G>C	1352	1352	G	substitution
RAG2	S0028	c.283G>A	283	283	G	substitution
RAG2	S0028	c.685C>T	685	685	C	substitution
RAG2	S0036	c.479C>T	479	479	C	substitution
RAG2	S0036	c.1504A>G	1504	1504	A	substitution
RAG2	S0032	c.644C>T	644	644	C	substitution
RAG2	S0020	c.712delG	712	712	G	deletion
RAG2	S0040	c.1320A>C	1320	1320	A	substitution
RAG2	S0040	c.758C>G	758	758	C	substitution
RAG2	S0041	c.1219G>T	1219	1219	G	substitution
RAG2	S0037	c.1247G>T	1247	1247	G	substitution
RAG2	S0024	c.1357T>A	1357	1357	T	substitution
RAG2	S0042	c.1366G>A	1366	1366	G	substitution
RAG2	S0022	c.1442A>C	1442	1442	A	substitution
RFX5	R0007	c.607G>A	607	607	G	substitution
RFX5	R0001	c.1041C>T	1041	1041	C	substitution
RFX5	R0005	c.1122C>T	1122	1122	C	substitution
RFXANK	R0001	c.721G>T	721	721	G	substitution
RFXANK	R0026	c.304G>T	304	304	G	substitution
RFXANK	R0030	c.362A>T	362	362	A	substitution
RFXANK	R0024	c.800delT	800	800	T	deletion
RFXANK	R0003	c.886C>T	886	886	C	substitution
RFXANK	R0002	c.1001T>C	1001	1001	T	substitution
RFXANK	R0029	c.634C>T	634	634	C	substitution
RFXAP	R0002	c.279C>T	279	279	C	substitution
RFXAP	R0001	c.484delG	484	484	G	deletion
RNF168	R0001	c.1323_1326delACAA	1323	1326	ACAA	deletion
SBDS	S0170	c.56G>A	56	56	G	substitution
SBDS	S0195	c.79T>C	79	79	T	substitution
SBDS	S0171	c.93C>G	93	93	C	substitution
SBDS	S0140	c.95A>G	95	95	A	substitution
SBDS	S0172	c.97A>G	97	97	A	substitution
SBDS	S0132	c.101A>T	101	101	A	substitution
SBDS	S0223	c.101A>G	101	101	A	substitution
SBDS	S0193	c.107delT	107	107	T	deletion
SBDS	S0123	c.119delG	119	119	G	deletion
SBDS	S0174	c.123delC	123	123	C	deletion
SBDS	S0125	c.131A>G	131	131	A	substitution
SBDS	S0179	c.354A>C	354	354	A	substitution
SBDS	S0175	c.212T>C	212	212	T	substitution
SBDS	S0165	c.250T>C	250	250	T	substitution
SBDS	S0127	c.260T>C	260	260	T	substitution
SBDS	S0176	c.279_284delTCAAGT	279	284	TCAAGT	deletion
SBDS	S0004	c.292_295delAAAG	292	295	AAAG	deletion
SBDS	S0145	c.297_300delAAGA	297	300	AAGA	deletion
SBDS	S0131	c.307_308delCA	307	308	CA	deletion
SBDS	S0169	c.362A>C	362	362	A	substitution
SBDS	S0169	c.523C>T	523	523	C	substitution
SBDS	S0199	c.428C>G	428	428	C	substitution
SBDS	S0181	c.458A>G	458	458	A	substitution
SBDS	S0104	c.505C>T	505	505	C	substitution
SBDS	S0183	c.506G>T	506	506	G	substitution
SBDS	S0103	c.652C>T	652	652	C	substitution
SERPING1	S0287	c.1A>G	1	1	A	substitution
SERPING1	S0200	c.65C>G	65	65	C	substitution
SERPING1	S0278	c.67_137del	67	137		deletion
SERPING1	S0159	c.94C>T	94	94	C	substitution
SERPING1	S0033	c.106_107delAG	106	107	AG	deletion
SERPING1	S0095	c.120_121delAG	120	121	AG	deletion
SERPING1	S0202	c.120delA	120	120	A	deletion
SERPING1	S0098	c.160delC	160	160	C	deletion
SERPING1	S0204	c.164delT	164	164	T	deletion
SERPING1	S0205	c.187delT	187	187	T	deletion
SERPING1	S0099	c.209C>G	209	209	C	substitution
SERPING1	S0206	c.270delC	270	270	C	deletion
SERPING1	S0207	c.291_295delACCCA	291	295	ACCCA	deletion
SERPING1	S0175	c.314_317delCAAC	314	317	CAAC	deletion
SERPING1	S0120	c.346C>T	346	346	C	substitution
SERPING1	S0149	c.389G>A	389	389	G	substitution
SERPING1	S0162	c.390_391delCT	390	391	CT	deletion
SERPING1	S0208	c.430delG	430	430	G	deletion
SERPING1	S0163	c.435_476del	435	476		deletion
SERPING1	S0209	c.462C>G	462	462	C	substitution
SERPING1	S0034	c.506T>C	506	506	T	substitution
SERPING1	S0113	c.508T>C	508	508	T	substitution
SERPING1	S0035	c.512C>T	512	512	C	substitution
SERPING1	S0058	c.551G>A	551	551	G	substitution
SERPING1	S0037	c.550G>A	550	550	G	substitution
SERPING1	S0216	c.550G>C	550	550	G	substitution
SERPING1	S0060	c.571delA	571	571	A	deletion
SERPING1	S0222	c.578T>C	578	578	T	substitution
SERPING1	S0223	c.595T>A	595	595	T	substitution
SERPING1	S0040	c.600delC	600	600	C	deletion
SERPING1	S0062	c.614G>A	614	614	G	substitution
SERPING1	S0224	c.622delC	622	622	C	deletion
SERPING1	S0065	c.628delC	628	628	C	deletion
SERPING1	S0066	c.653delT	653	653	T	deletion
SERPING1	S0160	c.667C>T	667	667	C	substitution
SERPING1	S0225	c.671T>G	671	671	T	substitution
SERPING1	S0025	c.707T>C	707	707	T	substitution
SERPING1	S0227	c.743C>G	743	743	C	substitution
SERPING1	S0026	c.744delC	744	744	C	deletion
SERPING1	S0027	c.751delC	751	751	C	deletion
SERPING1	S0028	c.816_818delCAA	816	818	CAA	deletion
SERPING1	S0228	c.778G>T	778	778	G	substitution
SERPING1	S0229	c.795G>A	795	795	G	substitution
SERPING1	S0070	c.817_819delAAG	817	819	AAG	deletion
SERPING1	S0082	c.818_820delAGA	818	820	AGA	deletion
SERPING1	S0072	c.820A>G	820	820	A	substitution
SERPING1	S0100	c.854_855delCC	854	855	CC	deletion
SERPING1	S0108	c.878T>C	878	878	T	substitution
SERPING1	S0261	c.878_881delTCTA	878	881	TCTA	deletion
SERPING1	S0233	c.884T>G	884	884	T	substitution
SERPING1	S0110	c.904_906delACA	904	906	ACA	deletion
SERPING1	S0029	c.908T>G	908	908	T	substitution
SERPING1	S0030	c.974T>C	974	974	T	substitution
SERPING1	S0031	c.981_982delCA	981	982	CA	deletion
SERPING1	S0032	c.990C>G	990	990	C	substitution
SERPING1	S0005	c.1030_1249del	1030	1249		deletion
SERPING1	S0237	c.1033G>A	1033	1033	G	substitution
SERPING1	S0044	c.1036C>T	1036	1036	C	substitution
SERPING1	S0107	c.1069delA	1069	1069	A	deletion
SERPING1	S0083	c.1081C>T	1081	1081	C	substitution
SERPING1	S0165	c.1106delA	1106	1106	A	deletion
SERPING1	S0238	c.1114C>T	1114	1114	C	substitution
SERPING1	S0239	c.1136T>C	1136	1136	T	substitution
SERPING1	S0045	c.1180A>C	1180	1180	A	substitution
SERPING1	S0240	c.1196C>T	1196	1196	C	substitution
SERPING1	S0241	c.1196C>G	1196	1196	C	substitution
SERPING1	S0151	c.1223A>T	1223	1223	A	substitution
SERPING1	S0243	c.1226T>C	1226	1226	T	substitution
SERPING1	S0244	c.1227delG	1227	1227	G	deletion
SERPING1	S0121	c.1232C>A	1232	1232	C	substitution
SERPING1	S0011	c.1264delT	1264	1264	T	deletion
SERPING1	S0102	c.1284_1285delTG	1284	1285	TG	deletion
SERPING1	S0197	c.1306delC	1306	1306	C	deletion
SERPING1	S0116	c.1316delC	1316	1316	C	deletion
SERPING1	S0145	c.1315delT	1315	1315	T	deletion
SERPING1	S0073	c.1328A>G	1328	1328	A	substitution
SERPING1	S0277	c.1351_1352delGA	1351	1352	GA	deletion
SERPING1	S0014	c.1361T>A	1361	1361	T	substitution
SERPING1	S0077	c.1360_1393del	1360	1393		deletion
SERPING1	S0122	c.1367C>A	1367	1367	C	substitution
SERPING1	S0006	c.1372G>A	1372	1372	G	substitution
SERPING1	S0125	c.1378T>C	1378	1378	T	substitution
SERPING1	S0263	c.1385T>G	1385	1385	T	substitution
SERPING1	S0001	c.1396C>T	1396	1396	C	substitution
SERPING1	S0003	c.1397G>A	1397	1397	G	substitution
SERPING1	S0075	c.1397G>T	1397	1397	G	substitution
SERPING1	S0133	c.1397G>C	1397	1397	G	substitution
SERPING1	S0008	c.1396C>A	1396	1396	C	substitution
SERPING1	S0179	c.1399A>C	1399	1399	A	substitution
SERPING1	S0156	c.1418T>A	1418	1418	T	substitution
SERPING1	S0134	c.1418T>G	1418	1418	T	substitution
SERPING1	S0017	c.1417G>A	1417	1417	G	substitution
SERPING1	S0018	c.1420C>G	1420	1420	C	substitution
SERPING1	S0019	c.1430T>C	1430	1430	T	substitution
SERPING1	S0094	c.1435T>C	1435	1435	T	substitution
SERPING1	S0020	c.1442T>C	1442	1442	T	substitution
SERPING1	S0135	c.1446G>A	1446	1446	G	substitution
SERPING1	S0284	c.1445G>A	1445	1445	G	substitution
SERPING1	S0136	c.1450C>T	1450	1450	C	substitution
SERPING1	S0021	c.1466C>G	1466	1466	C	substitution
SERPING1	S0137	c.1469T>A	1469	1469	T	substitution
SERPING1	S0092	c.1475T>A	1475	1475	T	substitution
SERPING1	S0138	c.1478G>A	1478	1478	G	substitution
SERPING1	S0050	c.1477G>A	1477	1477	G	substitution
SERPING1	S0022	c.1480C>T	1480	1480	C	substitution
SERPING1	S0158	c.1493C>G	1493	1493	C	substitution
SERPING1	S0024	c.1492C>T	1492	1492	C	substitution
SERPING1	S0144	c.1501T>A	1501	1501	T	substitution
SERPING1	S0232	c.882C>G	882	882	C	substitution
SLC35C1	A0001	c.439C>T	439	439	C	substitution
SLC35C1	A0004	c.588delG	588	588	G	deletion
SLC35C1	A0002	c.923C>G	923	923	C	substitution
SLC35C1	A0008	c.969G>A	969	969	G	substitution
SLC35C1	A0009	c.1010A>G	1010	1010	A	substitution
SMARCAL1	S0043	c.3G>A	3	3	G	substitution
SMARCAL1	S0043	c.1682G>A	1682	1682	G	substitution
SMARCAL1	S0006	c.49C>T	49	49	C	substitution
SMARCAL1	S0006	c.100C>T	100	100	C	substitution
SMARCAL1	S0039	c.836T>C	836	836	T	substitution
SMARCAL1	S0021	c.2542G>T	2542	2542	G	substitution
SMARCAL1	S0023	c.1136A>C	1136	1136	A	substitution
SMARCAL1	S0019	c.955C>T	955	955	C	substitution
SMARCAL1	S0031	c.1000C>T	1000	1000	C	substitution
SMARCAL1	S0034	c.1129G>C	1129	1129	G	substitution
SMARCAL1	S0035	c.1427G>A	1427	1427	G	substitution
SMARCAL1	S0003	c.1132G>T	1132	1132	G	substitution
SMARCAL1	S0027	c.2104T>G	2104	2104	T	substitution
SMARCAL1	S0010	c.1402G>C	1402	1402	G	substitution
SMARCAL1	S0010	c.2114C>T	2114	2114	C	substitution
SMARCAL1	S0036	c.1439C>T	1439	1439	C	substitution
SMARCAL1	S0017	c.1643T>A	1643	1643	T	substitution
SMARCAL1	S0017	c.1933C>T	1933	1933	C	substitution
SMARCAL1	S0024	c.1681C>T	1681	1681	C	substitution
SMARCAL1	S0008	c.2321C>A	2321	2321	C	substitution
SMARCAL1	S0008	c.1736C>T	1736	1736	C	substitution
SMARCAL1	S0001	c.1756C>T	1756	1756	C	substitution
SMARCAL1	S0011	c.2459G>A	2459	2459	G	substitution
SMARCAL1	S0011	c.1874C>G	1874	1874	C	substitution
SMARCAL1	S0040	c.1934G>A	1934	1934	G	substitution
SMARCAL1	S0013	c.1939A>C	1939	1939	A	substitution
SMARCAL1	S0018	c.1940A>C	1940	1940	A	substitution
SMARCAL1	S0037	c.2264T>G	2264	2264	T	substitution
SMARCAL1	S0033	c.2263_2282delATCGATGGCTCCACCTCATC	2263	2282	ATCGATGGCTCCACCTCATC	deletion
SMARCAL1	S0016	c.2291G>A	2291	2291	G	substitution
SMARCAL1	S0038	c.2462T>G	2462	2462	T	substitution
SP110	S0006	c.40delC	40	40	C	deletion
SP110	S0001	c.642delC	642	642	C	deletion
SPINK5	S0014	c.136C>T	136	136	C	substitution
SPINK5	S0002	c.153delT	153	153	T	deletion
SPINK5	S0038	c.649C>T	649	649	C	substitution
SPINK5	S0015	c.307G>T	307	307	G	substitution
SPINK5	S0015	c.2108_2117delCTCAGGTGAG	2108	2117	CTCAGGTGAG	deletion
SPINK5	S0079	c.354_357delTTGT	354	357	TTGT	deletion
SPINK5	S0069	c.375_376delAT	375	376	AT	deletion
SPINK5	S0051	c.377_378delAT	377	378	AT	deletion
SPINK5	S0051	c.2368C>T	2368	2368	C	substitution
SPINK5	S0074	c.1621G>T	1621	1621	G	substitution
SPINK5	S0083	c.2473_2474delGA	2473	2474	GA	deletion
SPINK5	S0057	c.399_400delTG	399	400	TG	deletion
SPINK5	S0067	c.581_582delGT	581	582	GT	deletion
SPINK5	S0040	c.628C>T	628	628	C	substitution
SPINK5	S0064	c.691delC	691	691	C	deletion
SPINK5	S0024	c.652C>T	652	652	C	substitution
SPINK5	S0071	c.800G>A	800	800	G	substitution
SPINK5	S0028	c.1111C>T	1111	1111	C	substitution
SPINK5	S0078	c.1048C>T	1048	1048	C	substitution
SPINK5	S0007	c.1086_1087delAT	1086	1087	AT	deletion
SPINK5	S0042	c.2041_2042delAG	2041	2042	AG	deletion
SPINK5	S0085	c.2098G>T	2098	2098	G	substitution
SPINK5	S0065	c.2137C>T	2137	2137	C	substitution
SPINK5	S0061	c.2260A>T	2260	2260	A	substitution
SPINK5	S0070	c.2423C>T	2423	2423	C	substitution
SPINK5	S0030	c.2468delA	2468	2468	A	deletion
SPINK5	S0025	c.1150_1151delGA	1150	1151	GA	deletion
SPINK5	S0001	c.81G>A	81	81	G	substitution
SPINK5	S0016	c.2579delA	2579	2579	A	deletion
SPINK5	S0009	c.2313G>A	2313	2313	G	substitution
STAT1	S0005	c.958G>C	958	958	G	substitution
STAT1	S0007	c.1389G>T	1389	1389	G	substitution
STAT1	S0003	c.1760_1761delAG	1760	1761	AG	deletion
STAT1	S0004	c.1799T>C	1799	1799	T	substitution
STAT1	S0008	c.2086C>T	2086	2086	C	substitution
STAT1	S0001	c.2313T>C	2313	2313	T	substitution
STAT3	S0065	c.994C>T	994	994	C	substitution
STAT3	S0089	c.1025G>A	1025	1025	G	substitution
STAT3	S0087	c.1144C>G	1144	1144	C	substitution
STAT3	S0052	c.1145G>T	1145	1145	G	substitution
STAT3	S0008	c.1145G>A	1145	1145	G	substitution
STAT3	S0001	c.1144C>T	1144	1144	C	substitution
STAT3	S0024	c.1150T>C	1150	1150	T	substitution
STAT3	S0015	c.1151T>C	1151	1151	T	substitution
STAT3	S0003	c.1166C>T	1166	1166	C	substitution
STAT3	S0075	c.1234A>T	1234	1234	A	substitution
STAT3	S0016	c.1268G>A	1268	1268	G	substitution
STAT3	S0060	c.1294G>A	1294	1294	G	substitution
STAT3	S0063	c.1310A>C	1310	1310	A	substitution
STAT3	S0004	c.1309C>T	1309	1309	C	substitution
STAT3	S0005	c.1387_1389delGTG	1387	1389	GTG	deletion
STAT3	S0044	c.1393T>G	1393	1393	T	substitution
STAT3	S0090	c.1591A>G	1591	1591	A	substitution
STAT3	S0019	c.1832G>A	1832	1832	G	substitution
STAT3	S0083	c.1863C>G	1863	1863	C	substitution
STAT3	S0026	c.1861T>G	1861	1861	T	substitution
STAT3	S0011	c.1865C>T	1865	1865	C	substitution
STAT3	S0053	c.1909G>T	1909	1909	G	substitution
STAT3	S0021	c.1909G>A	1909	1909	G	substitution
STAT3	S0082	c.1913A>G	1913	1913	A	substitution
STAT3	S0043	c.1915C>G	1915	1915	C	substitution
STAT3	S0064	c.1931A>C	1931	1931	A	substitution
STAT3	S0058	c.1930_1932delCAG	1930	1932	CAG	deletion
STAT3	S0036	c.1939A>G	1939	1939	A	substitution
STAT3	S0046	c.1954G>A	1954	1954	G	substitution
STAT3	S0055	c.1970A>G	1970	1970	A	substitution
STAT3	S0092	c.2069_2098delAGAGCCAGGAGCATCCTGAAGCTGACCCAG	2069	2098	AGAGCCAGGAGCATCCTGAAGCTGACCCAG	deletion
STAT5B	S0004	c.454C>T	454	454	C	substitution
STAT5B	S0001	c.1888G>C	1888	1888	G	substitution
STIM1	S0001	c.406G>T	406	406	G	substitution
STX11	S0014	c.110delC	110	110	C	deletion
STX11	S0017	c.581_584delTGGC	581	584	TGGC	deletion
STX11	S0008	c.802C>T	802	802	C	substitution
STXBP2	S0012	c.260delT	260	260	T	deletion
STXBP2	S0024	c.395A>C	395	395	A	substitution
STXBP2	S0001	c.626T>C	626	626	T	substitution
STXBP2	S0005	c.693_695delGAT	693	695	GAT	deletion
STXBP2	S0004	c.875G>A	875	875	G	substitution
STXBP2	S0011	c.1214G>A	1214	1214	G	substitution
STXBP2	S0010	c.1213C>T	1213	1213	C	substitution
STXBP2	S0007	c.1430C>T	1430	1430	C	substitution
STXBP2	S0027	c.1621G>A	1621	1621	G	substitution
TAP1	T0001	c.639delC	639	639	C	deletion
TAP1	T0003	c.1132C>T	1132	1132	C	substitution
TAP1	T0005	c.1564C>T	1564	1564	C	substitution
TAP2	T0004	c.628C>T	628	628	C	substitution
TAP2	T0001	c.686C>T	686	686	C	substitution
TAP2	T0002	c.1007delA	1007	1007	A	deletion
TAZ	T0010	c.53_54delCC	53	54	CC	deletion
TAZ	T0040	c.123delC	123	123	C	deletion
TAZ	T0085	c.127A>C	127	127	A	substitution
TAZ	T0025	c.140_152delGGGAGGTGCTGTA	140	152	GGGAGGTGCTGTA	deletion
TAZ	T0001	c.153C>G	153	153	C	substitution
TAZ	T0073	c.170G>T	170	170	G	substitution
TAZ	T0014	c.171delA	171	171	A	deletion
TAZ	T0027	c.207C>G	207	207	C	substitution
TAZ	T0078	c.239G>A	239	239	G	substitution
TAZ	T0016	c.280C>T	280	280	C	substitution
TAZ	T0048	c.280C>A	280	280	C	substitution
TAZ	T0038	c.352T>C	352	352	T	substitution
TAZ	T0081	c.367C>T	367	367	C	substitution
TAZ	T0030	c.532T>A	532	532	T	substitution
TAZ	T0049	c.535delC	535	535	C	deletion
TAZ	T0034	c.548T>G	548	548	T	substitution
TAZ	T0050	c.562G>T	562	562	G	substitution
TAZ	T0017	c.590G>A	590	590	G	substitution
TAZ	T0018	c.589G>A	589	589	G	substitution
TAZ	T0074	c.590G>T	590	590	G	substitution
TAZ	T0084	c.605_608delAGTG	605	608	AGTG	deletion
TAZ	T0019	c.626T>A	626	626	T	substitution
TAZ	T0037	c.629T>G	629	629	T	substitution
TAZ	T0080	c.631delC	631	631	C	deletion
TAZ	T0020	c.635T>C	635	635	T	substitution
TAZ	T0076	c.646G>A	646	646	G	substitution
TAZ	T0021	c.684delC	684	684	C	deletion
TAZ	T0022	c.697C>T	697	697	C	substitution
TAZ	T0082	c.700A>C	700	700	A	substitution
TAZ	T0056	c.718G>A	718	718	G	substitution
TCN2	T0004	c.172delC	172	172	C	deletion
TCN2	T0005	c.387delA	387	387	A	deletion
TCN2	T0005	c.1110T>G	1110	1110	T	substitution
TCN2	T0009	c.497_498delTC	497	498	TC	deletion
TCN2	T0010	c.501_503delCCA	501	503	CCA	deletion
TCN2	T0010	c.1115_1116delCA	1115	1116	CA	deletion
TCN2	T0006	c.927_930delTCTG	927	930	TCTG	deletion
TCN2	T0012	c.1195C>T	1195	1195	C	substitution
TCN2	T0008	c.1236_1237delCA	1236	1237	CA	deletion
TLR3	T0001	c.908T>C	908	908	T	substitution
TLR3	T0002	c.1660C>T	1660	1660	C	substitution
TMC6	E0011	c.220C>T	220	220	C	substitution
TMC6	E0001	c.280C>T	280	280	C	substitution
TMC6	E0007	c.744C>A	744	744	C	substitution
TMC6	E0010	c.968delT	968	968	T	deletion
TMC6	E0004	c.1726G>T	1726	1726	G	substitution
TMC8	E0006	c.188G>A	188	188	G	substitution
TMC8	E0011	c.561_582delGCGTACCGAGTGGGGCCGGAGA	561	582	GCGTACCGAGTGGGGCCGGAGA	deletion
TMC8	E0009	c.561_583delTGCGTACCGAGTGGGGCCGGAGA	561	583	TGCGTACCGAGTGGGGCCGGAGA	deletion
TMC8	E0010	c.568C>T	568	568	C	substitution
TMC8	E0001	c.755delT	755	755	T	deletion
TMC8	E0002	c.1084G>T	1084	1084	G	substitution
TNFRSF13B	T0041	c.124C>A	124	124	C	substitution
TNFRSF13B	T0025	c.310T>C	310	310	T	substitution
TNFRSF13B	T0068	c.542C>A	542	542	C	substitution
TNFRSF13B	T0001	c.431C>A	431	431	C	substitution
TNFRSF13B	T0043	c.515G>A	515	515	G	substitution
TNFRSF13B	T0018	c.605G>A	605	605	G	substitution
TYK2	T0001	c.209_212delGCTT	209	212	GCTT	deletion
UNC13D	U0044	c.175G>A	175	175	G	substitution
UNC13D	U0044	c.753G>T	753	753	G	substitution
UNC13D	U0069	c.343G>A	343	343	G	substitution
UNC13D	U0053	c.441delA	441	441	A	deletion
UNC13D	U0020	c.177_178delAC	177	178	AC	deletion
UNC13D	U0020	c.2346_2349delGGAG	2346	2349	GGAG	deletion
UNC13D	U0003	c.214delC	214	214	C	deletion
UNC13D	U0039	c.247C>T	247	247	C	substitution
UNC13D	U0059	c.292C>T	292	292	C	substitution
UNC13D	U0049	c.532delC	532	532	C	deletion
UNC13D	U0022	c.627delT	627	627	T	deletion
UNC13D	U0012	c.640C>T	640	640	C	substitution
UNC13D	U0043	c.2570T>G	2570	2570	T	substitution
UNC13D	U0050	c.1847A>G	1847	1847	A	substitution
UNC13D	U0009	c.766C>T	766	766	C	substitution
UNC13D	U0026	c.817C>T	817	817	C	substitution
UNC13D	U0027	c.2672T>C	2672	2672	T	substitution
UNC13D	U0041	c.1145G>A	1145	1145	G	substitution
UNC13D	U0028	c.1208T>C	1208	1208	T	substitution
UNC13D	U0046	c.3082delC	3082	3082	C	deletion
UNC13D	U0032	c.1579C>T	1579	1579	C	substitution
UNC13D	U0061	c.1693delG	1693	1693	G	deletion
UNC13D	U0001	c.1822_1833delGTGCAGCGCGCT	1822	1833	GTGCAGCGCGCT	deletion
UNC13D	U0051	c.1822_1833delACACTGTCTTGC	1822	1833	ACACTGTCTTGC	deletion
UNC13D	U0055	c.2039G>C	2039	2039	G	substitution
UNC13D	U0056	c.2163G>A	2163	2163	G	substitution
UNC13D	U0030	c.2346delG	2346	2346	G	deletion
UNC13D	U0037	c.2783G>C	2783	2783	G	substitution
UNC13D	U0021	c.3131T>G	3131	3131	T	substitution
UNC13D	U0031	c.3193C>T	3193	3193	C	substitution
UNC93B1	U0002	c.781G>A	781	781	G	substitution
UNC93B1	U0001	c.1034_1037delCTTT	1034	1037	CTTT	deletion
UNG	U0004	c.262C>T	262	262	C	substitution
UNG	U0001	c.392delC	392	392	C	deletion
UNG	U0001	c.569_570delTA	569	570	TA	deletion
UNG	U0003	c.427_428delAT	427	428	AT	deletion
UNG	U0002	c.752T>C	752	752	T	substitution
ZAP70	Z0006	c.239C>A	239	239	C	substitution
ZAP70	Z0006	c.1714A>T	1714	1714	A	substitution
ZAP70	Z0016	c.1010T>G	1010	1010	T	substitution
ZAP70	Z0012	c.1602C>T	1602	1602	C	substitution
ZAP70	Z0004	c.1510_1522delAAGTGGTACGCAC	1510	1522	AAGTGGTACGCAC	deletion
ZAP70	Z0007	c.1520C>T	1520	1520	C	substitution
ZAP70	Z0005	c.1554C>A	1554	1554	C	substitution
ZAP70	Z0017	c.1690T>C	1690	1690	T	substitution
