gene	file	chrom	pos	name	accession
AIRE	AIRE_hg18.BED	chr21	44534083	A0006_g.8473C>T	A0006
AIRE	AIRE_hg18.BED	chr21	44527375	A0006_c.1765A>T	A0006
AIRE	AIRE_hg18.BED	chr21	44540701	A0093_g.15091delG	A0093
AIRE	AIRE_hg18.BED	chr21	44526840	A0093_c.1230_1231insC	A0093
AIRE	AIRE_hg18.BED	chr21	44525978	A0093_p.P368fsX371	A0093
CD40L	CD40L_hg18.BED	chrX	135566210	C0048_g.9193C>A	C0048
CD40L	CD40L_hg18.BED	chrX	135557450	C0048_c.433C>A	C0048
CD40L	CD40L_hg18.BED	chrX	135557143	C0048_p.V126D	C0048
CD40L	CD40L_hg18.BED	chrX	135566242	C0047_g.9225_9234delGTGTTACAGT	C0047
CD40L	CD40L_hg18.BED	chrX	135557482	C0047_c.465_474delGTGTTACAGT	C0047
CD40L	CD40L_hg18.BED	chrX	135557154	C0047_p.V137fsX145	C0047
CD40L	CD40L_hg18.BED	chrX	135568881	C0057_g.11864T>C	C0057
CD40L	CD40L_hg18.BED	chrX	135557501	C0057_c.484T>C	C0057
CD40L	CD40L_hg18.BED	chrX	135557160	C0057_p.K143T	C0057
CD40L	CD40L_hg18.BED	chrX	135569042	C0193_g.12025delC	C0193
CD40L	CD40L_hg18.BED	chrX	135557606	C0193_c.589delC	C0193
CD40L	CD40L_hg18.BED	chrX	135557606	C0193_r.589delc	C0193
CD40L	CD40L_hg18.BED	chrX	135557214	C0193_p.Ser197fsX45	C0193
CD40L	CD40L_hg18.BED	chrX	135569123	C0052_g.12106G>T	C0052
CD40L	CD40L_hg18.BED	chrX	135557743	C0052_c.726G>T	C0052
CD40L	CD40L_hg18.BED	chrX	135557241	C0052_p.H224Y	C0052
CEBPE	CEBPE_hg18.BED	chr14	22659709	C0003_g.3225T>C	C0003
CEBPE	CEBPE_hg18.BED	chr14	22662281	C0003_c.653T>C	C0003
CEBPE	CEBPE_hg18.BED	chr14	22662281	C0003_r.653u>c	C0003
CEBPE	CEBPE_hg18.BED	chr14	22662716	C0003_p.Val218Ala	C0003
CIITA	CIITA_hg18.BED	chr16	10909288	M0006_g.35092T>C	M0006
CIITA	CIITA_hg18.BED	chr16	10877219	M0006_c.3023T>C	M0006
CIITA	CIITA_hg18.BED	chr16	10875158	M0006_p.F962S	M0006
CYBA	CYBA_hg18.BED	chr16	87240727	H0042_g.5223delC	H0042
CYBA	CYBA_hg18.BED	chr16	87245727	H0042_c.223delC	H0042
CYBA	CYBA_hg18.BED	chr16	87245727	H0042_r.223delc	H0042
CYBA	CYBA_hg18.BED	chr16	87245875	H0042_p.Ala75fsX3	H0042
CYBB	CYBB_hg18.BED	chrX	37545533	A0310_g.22274_22288delTCACCAAGGTGGTCA	A0310
CYBB	CYBB_hg18.BED	chrX	37524149	A0310_c.890_904delTCACCAAGGTGGTCA	A0310
CYBB	CYBB_hg18.BED	chrX	37524149	A0310_r.890_904delucaccaaggugguca	A0310
CYBB	CYBB_hg18.BED	chrX	37523556	A0310_p.Ile297del	A0310
NHEJ1	NHEJ1_hg18.BED	chr2	219724734	N0003_g.13642delG	N0003
NHEJ1	NHEJ1_hg18.BED	chr2	219724734	N0003_g.IVS23A>T	N0003
NHEJ1	NHEJ1_hg18.BED	chr2	219738199	N0003_c.177delG	N0003
NHEJ1	NHEJ1_hg18.BED	chr2	219738199	N0003_c.1773A>T	N0003
NHEJ1	NHEJ1_hg18.BED	chr2	219738199	N0003_r.177delg	N0003
NHEJ1	NHEJ1_hg18.BED	chr2	219738199	N0003_r.1773a>u	N0003
NHEJ1	NHEJ1_hg18.BED	chr2	219738316	N0003_p.Glu60fsX2	N0003
SPINK5	SPINK5_hg18.BED	chr5	147455578	S0071_g.32779G>A	S0071
SPINK5	SPINK5_hg18.BED	chr5	147423599	S0071_c.800G>A	S0071
SPINK5	SPINK5_hg18.BED	chr5	147423599	S0071_r.800g>a	S0071
SPINK5	SPINK5_hg18.BED	chr5	147423066	S0071_p.Arg267Gln	S0071
TMC8	TMC8_hg18.BED	chr17	73641110	E0011_g.3648_3669delGCGTACCGAGTGGGGCCGGAGA	E0011
TMC8	TMC8_hg18.BED	chr17	73638023	E0011_c.561_582delGCGTACCGAGTGGGGCCGGAGA	E0011
TMC8	TMC8_hg18.BED	chr17	73638023	E0011_r.561_582delgcguaccgaguggggccggaga	E0011
TMC8	TMC8_hg18.BED	chr17	73637651	E0011_p.Tyr189fsX30	E0011
UNC13D	UNC13D_hg18.BED	chr17	71350917	U0020_g.2475_2476delAC	U0020
UNC13D	UNC13D_hg18.BED	chr17	71351044	U0020_c.2346_2349delGGAG	U0020
UNC13D	UNC13D_hg18.BED	chr17	71351044	U0020_r.2346_2349delggag	U0020
UNC13D	UNC13D_hg18.BED	chr17	71352611	U0020_p.Arg782fsX12	U0020
UNC13D	UNC13D_hg18.BED	chr17	71343099	U0051_g.10283_10294delACACTGTCTTGC	U0051
UNC13D	UNC13D_hg18.BED	chr17	71351560	U0051_c.1822_1833delACACTGTCTTGC	U0051
UNC13D	UNC13D_hg18.BED	chr17	71351560	U0051_r.1822_1833delacacugucuugc	U0051
UNC13D	UNC13D_hg18.BED	chr17	71352781	U0051_p.Val608_Val612del	U0051
ZAP70	ZAP70_hg18.BED	chr2	97710001	Z0012_g.14540C>T	Z0012
ZAP70	ZAP70_hg18.BED	chr2	97697063	Z0012_c.1602C>T	Z0012
ZAP70	ZAP70_hg18.BED	chr2	97695926	Z0012_p.R465C	Z0012
AIRE	AIRE_hg38_18.BED	chr21	44289772	A0006_g.8473C>T	A0006
AIRE	AIRE_hg38_18.BED	chr21	44283064	A0006_c.1765A>T	A0006
AIRE	AIRE_hg38_18.BED	chr21	44296390	A0093_g.15091delG	A0093
AIRE	AIRE_hg38_18.BED	chr21	44282529	A0093_c.1230_1231insC	A0093
AIRE	AIRE_hg38_18.BED	chr21	44281667	A0093_p.P368fsX371	A0093
CD40L	CD40L_hg38_18.BED	chrX	136656385	C0048_g.9193C>A	C0048
CD40L	CD40L_hg38_18.BED	chrX	136647625	C0048_c.433C>A	C0048
CD40L	CD40L_hg38_18.BED	chrX	136647318	C0048_p.V126D	C0048
CD40L	CD40L_hg38_18.BED	chrX	136656417	C0047_g.9225_9234delGTGTTACAGT	C0047
CD40L	CD40L_hg38_18.BED	chrX	136647657	C0047_c.465_474delGTGTTACAGT	C0047
CD40L	CD40L_hg38_18.BED	chrX	136647329	C0047_p.V137fsX145	C0047
CD40L	CD40L_hg38_18.BED	chrX	136659056	C0057_g.11864T>C	C0057
CD40L	CD40L_hg38_18.BED	chrX	136647676	C0057_c.484T>C	C0057
CD40L	CD40L_hg38_18.BED	chrX	136647335	C0057_p.K143T	C0057
CD40L	CD40L_hg38_18.BED	chrX	136659217	C0193_g.12025delC	C0193
CD40L	CD40L_hg38_18.BED	chrX	136647781	C0193_c.589delC	C0193
CD40L	CD40L_hg38_18.BED	chrX	136647781	C0193_r.589delc	C0193
CD40L	CD40L_hg38_18.BED	chrX	136647389	C0193_p.Ser197fsX45	C0193
CD40L	CD40L_hg38_18.BED	chrX	136659298	C0052_g.12106G>T	C0052
CD40L	CD40L_hg38_18.BED	chrX	136647918	C0052_c.726G>T	C0052
CD40L	CD40L_hg38_18.BED	chrX	136647416	C0052_p.H224Y	C0052
CEBPE	CEBPE_hg38_18.BED	chr14	23120660	C0003_g.3225T>C	C0003
CEBPE	CEBPE_hg38_18.BED	chr14	23123232	C0003_c.653T>C	C0003
CEBPE	CEBPE_hg38_18.BED	chr14	23123232	C0003_r.653u>c	C0003
CEBPE	CEBPE_hg38_18.BED	chr14	23123667	C0003_p.Val218Ala	C0003
CIITA	CIITA_hg38_18.BED	chr16	10907930	M0006_g.35092T>C	M0006
CIITA	CIITA_hg38_18.BED	chr16	10875861	M0006_c.3023T>C	M0006
CIITA	CIITA_hg38_18.BED	chr16	10873800	M0006_p.F962S	M0006
CYBA	CYBA_hg38_18.BED	chr16	88646818	H0042_g.5223delC	H0042
CYBA	CYBA_hg38_18.BED	chr16	88651818	H0042_c.223delC	H0042
CYBA	CYBA_hg38_18.BED	chr16	88651818	H0042_r.223delc	H0042
CYBA	CYBA_hg38_18.BED	chr16	88651966	H0042_p.Ala75fsX3	H0042
CYBB	CYBB_hg38_18.BED	chrX	37801340	A0310_g.22274_22288delTCACCAAGGTGGTCA	A0310
CYBB	CYBB_hg38_18.BED	chrX	37779952	A0310_c.890_904delTCACCAAGGTGGTCA	A0310
CYBB	CYBB_hg38_18.BED	chrX	37779952	A0310_r.890_904delucaccaaggugguca	A0310
CYBB	CYBB_hg38_18.BED	chrX	37779363	A0310_p.Ile297del	A0310
NHEJ1	NHEJ1_hg38_18.BED	chr2	219151768	N0003_g.13642delG	N0003
NHEJ1	NHEJ1_hg38_18.BED	chr2	219151768	N0003_g.IVS23A>T	N0003
NHEJ1	NHEJ1_hg38_18.BED	chr2	219165233	N0003_c.177delG	N0003
NHEJ1	NHEJ1_hg38_18.BED	chr2	219165233	N0003_c.1773A>T	N0003
NHEJ1	NHEJ1_hg38_18.BED	chr2	219165233	N0003_r.177delg	N0003
NHEJ1	NHEJ1_hg38_18.BED	chr2	219165233	N0003_r.1773a>u	N0003
NHEJ1	NHEJ1_hg38_18.BED	chr2	219165350	N0003_p.Glu60fsX2	N0003
SPINK5	SPINK5_hg38_18.BED	chr5	148095822	S0071_g.32779G>A	S0071
SPINK5	SPINK5_hg38_18.BED	chr5	148063843	S0071_c.800G>A	S0071
SPINK5	SPINK5_hg38_18.BED	chr5	148063843	S0071_r.800g>a	S0071
SPINK5	SPINK5_hg38_18.BED	chr5	148063310	S0071_p.Arg267Gln	S0071
TMC8	TMC8_hg38_18.BED	chr17	78133434	E0011_g.3648_3669delGCGTACCGAGTGGGGCCGGAGA	E0011
TMC8	TMC8_hg38_18.BED	chr17	78130347	E0011_c.561_582delGCGTACCGAGTGGGGCCGGAGA	E0011
TMC8	TMC8_hg38_18.BED	chr17	78130347	E0011_r.561_582delgcguaccgaguggggccggaga	E0011
TMC8	TMC8_hg38_18.BED	chr17	78129975	E0011_p.Tyr189fsX30	E0011
UNC13D	UNC13D_hg38_18.BED	chr17	75843241	U0020_g.2475_2476delAC	U0020
UNC13D	UNC13D_hg38_18.BED	chr17	75843368	U0020_c.2346_2349delGGAG	U0020
UNC13D	UNC13D_hg38_18.BED	chr17	75843368	U0020_r.2346_2349delggag	U0020
UNC13D	UNC13D_hg38_18.BED	chr17	75844935	U0020_p.Arg782fsX12	U0020
UNC13D	UNC13D_hg38_18.BED	chr17	75835423	U0051_g.10283_10294delACACTGTCTTGC	U0051
UNC13D	UNC13D_hg38_18.BED	chr17	75843884	U0051_c.1822_1833delACACTGTCTTGC	U0051
UNC13D	UNC13D_hg38_18.BED	chr17	75843884	U0051_r.1822_1833delacacugucuugc	U0051
UNC13D	UNC13D_hg38_18.BED	chr17	75845105	U0051_p.Val608_Val612del	U0051
ZAP70	ZAP70_hg38_18.BED	chr2	97727106	Z0012_g.14540C>T	Z0012
ZAP70	ZAP70_hg38_18.BED	chr2	97714168	Z0012_c.1602C>T	Z0012
ZAP70	ZAP70_hg38_18.BED	chr2	97713031	Z0012_p.R465C	Z0012
