gene	accession	sysname	hgvs_input	mut_type	ref	alt	chrom	pos_hg38	was_ivs	status	normalized	nc_hgvs	errors	infos	found_base	note
CTSC	C0035	g.26356C>T	NC_000011.10:g.88312415C>T	substitution	C	T	chr11	88312415	False	invalid			"{'custom': {'corrected_description': 'NC_000011.10:g.88312415C>T', 'corrected_model': {'coordinate_system': 'g', 'reference': {'id': 'NC_000011.10'}, 'type': 'description_dna', 'variants': [{'deleted': [{'sequence': 'C', 'source': 'description'}], 'inserted': [{'sequence': 'T', 'source': 'description'}], 'location': {'position': 88312415, 'type': 'point'}, 'source': 'reference', 'type': 'substitution'}]}, 'errors': [{'code': 'ESEQUENCEMISMATCH', 'details': '`C` was not found in the reference sequence; `A` was found instead.', 'paths': [['variants', 0, 'deleted']]}], 'input_description': 'NC_000011.10:g.88312415C>T', 'input_model': {'coordinate_system': 'g', 'reference': {'id': 'NC_000011.10'}, 'type': 'description_dna', 'variants': [{'deleted': [{'sequence': 'C', 'source': 'description'}], 'inserted': [{'sequence': 'T', 'source': 'description'}], 'location': {'position': 88312415, 'type': 'point'}, 'source': 'reference', 'type': 'substitution'}]}}, 'message': ""Errors encountered. Check the 'custom' field.""}"		A	non-complement ESEQUENCEMISMATCH — manual curation required
PTPRC	P0003	g.58675C>A	NC_000001.11:g.198696771C>A	substitution	C	A	chr1	198696771	False	invalid			"{'custom': {'corrected_description': 'NC_000001.11:g.198696771C>A', 'corrected_model': {'coordinate_system': 'g', 'reference': {'id': 'NC_000001.11'}, 'type': 'description_dna', 'variants': [{'deleted': [{'sequence': 'C', 'source': 'description'}], 'inserted': [{'sequence': 'A', 'source': 'description'}], 'location': {'position': 198696771, 'type': 'point'}, 'source': 'reference', 'type': 'substitution'}]}, 'errors': [{'code': 'ESEQUENCEMISMATCH', 'details': '`C` was not found in the reference sequence; `A` was found instead.', 'paths': [['variants', 0, 'deleted']]}], 'input_description': 'NC_000001.11:g.198696771C>A', 'input_model': {'coordinate_system': 'g', 'reference': {'id': 'NC_000001.11'}, 'type': 'description_dna', 'variants': [{'deleted': [{'sequence': 'C', 'source': 'description'}], 'inserted': [{'sequence': 'A', 'source': 'description'}], 'location': {'position': 198696771, 'type': 'point'}, 'source': 'reference', 'type': 'substitution'}]}}, 'message': ""Errors encountered. Check the 'custom' field.""}"		A	non-complement ESEQUENCEMISMATCH — manual curation required
RAG1	R0086	g.7038G>A	NC_000011.10:g.36574050G>A	substitution	G	A	chr11	36574050	False	invalid			"{'custom': {'corrected_description': 'NC_000011.10:g.36574050G>A', 'corrected_model': {'coordinate_system': 'g', 'reference': {'id': 'NC_000011.10'}, 'type': 'description_dna', 'variants': [{'deleted': [{'sequence': 'G', 'source': 'description'}], 'inserted': [{'sequence': 'A', 'source': 'description'}], 'location': {'position': 36574050, 'type': 'point'}, 'source': 'reference', 'type': 'substitution'}]}, 'errors': [{'code': 'ESEQUENCEMISMATCH', 'details': '`G` was not found in the reference sequence; `A` was found instead.', 'paths': [['variants', 0, 'deleted']]}], 'input_description': 'NC_000011.10:g.36574050G>A', 'input_model': {'coordinate_system': 'g', 'reference': {'id': 'NC_000011.10'}, 'type': 'description_dna', 'variants': [{'deleted': [{'sequence': 'G', 'source': 'description'}], 'inserted': [{'sequence': 'A', 'source': 'description'}], 'location': {'position': 36574050, 'type': 'point'}, 'source': 'reference', 'type': 'substitution'}]}}, 'message': ""Errors encountered. Check the 'custom' field.""}"		A	non-complement ESEQUENCEMISMATCH — manual curation required
RAG1	R0008	g.1298C>T	NC_000011.10:g.36568310C>T	substitution	C	T	chr11	36568310	False	invalid			"{'custom': {'corrected_description': 'NC_000011.10:g.36568310C>T', 'corrected_model': {'coordinate_system': 'g', 'reference': {'id': 'NC_000011.10'}, 'type': 'description_dna', 'variants': [{'deleted': [{'sequence': 'C', 'source': 'description'}], 'inserted': [{'sequence': 'T', 'source': 'description'}], 'location': {'position': 36568310, 'type': 'point'}, 'source': 'reference', 'type': 'substitution'}]}, 'errors': [{'code': 'ESEQUENCEMISMATCH', 'details': '`C` was not found in the reference sequence; `T` was found instead.', 'paths': [['variants', 0, 'deleted']]}], 'input_description': 'NC_000011.10:g.36568310C>T', 'input_model': {'coordinate_system': 'g', 'reference': {'id': 'NC_000011.10'}, 'type': 'description_dna', 'variants': [{'deleted': [{'sequence': 'C', 'source': 'description'}], 'inserted': [{'sequence': 'T', 'source': 'description'}], 'location': {'position': 36568310, 'type': 'point'}, 'source': 'reference', 'type': 'substitution'}]}}, 'message': ""Errors encountered. Check the 'custom' field.""}"		T	non-complement ESEQUENCEMISMATCH — manual curation required
RAG1	R0034	g.1299G>T	NC_000011.10:g.36568311G>T	substitution	G	T	chr11	36568311	False	invalid			"{'custom': {'corrected_description': 'NC_000011.10:g.36568311G>T', 'corrected_model': {'coordinate_system': 'g', 'reference': {'id': 'NC_000011.10'}, 'type': 'description_dna', 'variants': [{'deleted': [{'sequence': 'G', 'source': 'description'}], 'inserted': [{'sequence': 'T', 'source': 'description'}], 'location': {'position': 36568311, 'type': 'point'}, 'source': 'reference', 'type': 'substitution'}]}, 'errors': [{'code': 'ESEQUENCEMISMATCH', 'details': '`G` was not found in the reference sequence; `T` was found instead.', 'paths': [['variants', 0, 'deleted']]}], 'input_description': 'NC_000011.10:g.36568311G>T', 'input_model': {'coordinate_system': 'g', 'reference': {'id': 'NC_000011.10'}, 'type': 'description_dna', 'variants': [{'deleted': [{'sequence': 'G', 'source': 'description'}], 'inserted': [{'sequence': 'T', 'source': 'description'}], 'location': {'position': 36568311, 'type': 'point'}, 'source': 'reference', 'type': 'substitution'}]}}, 'message': ""Errors encountered. Check the 'custom' field.""}"		T	non-complement ESEQUENCEMISMATCH — manual curation required
RAG1	R0031	g.1409G>A	NC_000011.10:g.36568421G>A	substitution	G	A	chr11	36568421	False	invalid			"{'custom': {'corrected_description': 'NC_000011.10:g.36568421G>A', 'corrected_model': {'coordinate_system': 'g', 'reference': {'id': 'NC_000011.10'}, 'type': 'description_dna', 'variants': [{'deleted': [{'sequence': 'G', 'source': 'description'}], 'inserted': [{'sequence': 'A', 'source': 'description'}], 'location': {'position': 36568421, 'type': 'point'}, 'source': 'reference', 'type': 'substitution'}]}, 'errors': [{'code': 'ESEQUENCEMISMATCH', 'details': '`G` was not found in the reference sequence; `T` was found instead.', 'paths': [['variants', 0, 'deleted']]}], 'input_description': 'NC_000011.10:g.36568421G>A', 'input_model': {'coordinate_system': 'g', 'reference': {'id': 'NC_000011.10'}, 'type': 'description_dna', 'variants': [{'deleted': [{'sequence': 'G', 'source': 'description'}], 'inserted': [{'sequence': 'A', 'source': 'description'}], 'location': {'position': 36568421, 'type': 'point'}, 'source': 'reference', 'type': 'substitution'}]}}, 'message': ""Errors encountered. Check the 'custom' field.""}"		T	non-complement ESEQUENCEMISMATCH — manual curation required
RAG1	R0030	g.1533G>A	NC_000011.10:g.36568545G>A	substitution	G	A	chr11	36568545	False	invalid			"{'custom': {'corrected_description': 'NC_000011.10:g.36568545G>A', 'corrected_model': {'coordinate_system': 'g', 'reference': {'id': 'NC_000011.10'}, 'type': 'description_dna', 'variants': [{'deleted': [{'sequence': 'G', 'source': 'description'}], 'inserted': [{'sequence': 'A', 'source': 'description'}], 'location': {'position': 36568545, 'type': 'point'}, 'source': 'reference', 'type': 'substitution'}]}, 'errors': [{'code': 'ESEQUENCEMISMATCH', 'details': '`G` was not found in the reference sequence; `A` was found instead.', 'paths': [['variants', 0, 'deleted']]}], 'input_description': 'NC_000011.10:g.36568545G>A', 'input_model': {'coordinate_system': 'g', 'reference': {'id': 'NC_000011.10'}, 'type': 'description_dna', 'variants': [{'deleted': [{'sequence': 'G', 'source': 'description'}], 'inserted': [{'sequence': 'A', 'source': 'description'}], 'location': {'position': 36568545, 'type': 'point'}, 'source': 'reference', 'type': 'substitution'}]}}, 'message': ""Errors encountered. Check the 'custom' field.""}"		A	non-complement ESEQUENCEMISMATCH — manual curation required
RAG2	S0016	g.1305G>T	NC_000011.10:g.36597932G>T	substitution	G	T	chr11	36597932	False	invalid			"{'custom': {'corrected_description': 'NC_000011.10:g.36597932G>T', 'corrected_model': {'coordinate_system': 'g', 'reference': {'id': 'NC_000011.10'}, 'type': 'description_dna', 'variants': [{'deleted': [{'sequence': 'G', 'source': 'description'}], 'inserted': [{'sequence': 'T', 'source': 'description'}], 'location': {'position': 36597932, 'type': 'point'}, 'source': 'reference', 'type': 'substitution'}]}, 'errors': [{'code': 'ESEQUENCEMISMATCH', 'details': '`G` was not found in the reference sequence; `A` was found instead.', 'paths': [['variants', 0, 'deleted']]}], 'input_description': 'NC_000011.10:g.36597932G>T', 'input_model': {'coordinate_system': 'g', 'reference': {'id': 'NC_000011.10'}, 'type': 'description_dna', 'variants': [{'deleted': [{'sequence': 'G', 'source': 'description'}], 'inserted': [{'sequence': 'T', 'source': 'description'}], 'location': {'position': 36597932, 'type': 'point'}, 'source': 'reference', 'type': 'substitution'}]}}, 'message': ""Errors encountered. Check the 'custom' field.""}"		A	non-complement ESEQUENCEMISMATCH — manual curation required
RAG2	S0017	g.1316A>G	NC_000011.10:g.36597921A>G	substitution	A	G	chr11	36597921	False	invalid			"{'custom': {'corrected_description': 'NC_000011.10:g.36597921A>G', 'corrected_model': {'coordinate_system': 'g', 'reference': {'id': 'NC_000011.10'}, 'type': 'description_dna', 'variants': [{'deleted': [{'sequence': 'A', 'source': 'description'}], 'inserted': [{'sequence': 'G', 'source': 'description'}], 'location': {'position': 36597921, 'type': 'point'}, 'source': 'reference', 'type': 'substitution'}]}, 'errors': [{'code': 'ESEQUENCEMISMATCH', 'details': '`A` was not found in the reference sequence; `G` was found instead.', 'paths': [['variants', 0, 'deleted']]}], 'input_description': 'NC_000011.10:g.36597921A>G', 'input_model': {'coordinate_system': 'g', 'reference': {'id': 'NC_000011.10'}, 'type': 'description_dna', 'variants': [{'deleted': [{'sequence': 'A', 'source': 'description'}], 'inserted': [{'sequence': 'G', 'source': 'description'}], 'location': {'position': 36597921, 'type': 'point'}, 'source': 'reference', 'type': 'substitution'}]}}, 'message': ""Errors encountered. Check the 'custom' field.""}"		G	non-complement ESEQUENCEMISMATCH — manual curation required
RAG2	S0007	g.1484G>A	NC_000011.10:g.36597753G>A	substitution	G	A	chr11	36597753	False	invalid			"{'custom': {'corrected_description': 'NC_000011.10:g.36597753G>A', 'corrected_model': {'coordinate_system': 'g', 'reference': {'id': 'NC_000011.10'}, 'type': 'description_dna', 'variants': [{'deleted': [{'sequence': 'G', 'source': 'description'}], 'inserted': [{'sequence': 'A', 'source': 'description'}], 'location': {'position': 36597753, 'type': 'point'}, 'source': 'reference', 'type': 'substitution'}]}, 'errors': [{'code': 'ESEQUENCEMISMATCH', 'details': '`G` was not found in the reference sequence; `T` was found instead.', 'paths': [['variants', 0, 'deleted']]}], 'input_description': 'NC_000011.10:g.36597753G>A', 'input_model': {'coordinate_system': 'g', 'reference': {'id': 'NC_000011.10'}, 'type': 'description_dna', 'variants': [{'deleted': [{'sequence': 'G', 'source': 'description'}], 'inserted': [{'sequence': 'A', 'source': 'description'}], 'location': {'position': 36597753, 'type': 'point'}, 'source': 'reference', 'type': 'substitution'}]}}, 'message': ""Errors encountered. Check the 'custom' field.""}"		T	non-complement ESEQUENCEMISMATCH — manual curation required
